frame_idx,video_time_ms,landmarks_found,metrics_valid,reject_reason,selected_side,left_min_visibility,right_min_visibility,selected_min_visibility,foot_min_visibility,consecutive_failures,stage_heavy,rep_heavy,hip_y_raw,hip_y_heavy,hip_change_heavy,hip_angle_heavy_raw,hip_angle_heavy,knee_angle_heavy_raw,knee_angle_heavy,trunk_vert_heavy_raw,trunk_vert_heavy,heel_angle_heavy_raw,heel_angle_heavy,trunk_max_heavy,heel_max_heavy,trunk_score_heavy,heel_score_heavy,score_heavy
0,0,True,True,,left,0.997208297252655,0.3896096646785736,0.997208297252655,0.9910469651222229,0,down,0,290.18094062805176,290.18094062805176,0.0,79.83297198347731,79.83297198347731,99.42649020502566,99.42649020502566,27.900571712912736,27.900571712912736,0.6200462563725575,0.6200462563725575,27.900571712912736,0.0,55.782134305737955,0.0,0.0
1,33,True,True,,left,0.9971795082092285,0.383608341217041,0.9971795082092285,0.990740954875946,0,down,0,292.11124420166016,291.14609241485596,0.9651517868041992,77.82711444859167,78.83004321603448,96.98061404841945,98.20355212672256,28.49668082524665,28.198626269079693,0.050332863817952905,0.3351895600952552,28.198626269079693,0.0,54.6997256543948,0.0,0.0
2,67,True,True,,left,0.996292233467102,0.3645140528678894,0.996292233467102,0.9886504411697388,0,down,0,292.62064933776855,291.63761138916016,0.4915189743041992,77.4893046193178,78.38313035046225,96.38116354021997,97.59608926455503,28.485824284559953,28.29435894090645,0.4663134979248741,0.3788975393717948,28.29435894090645,0.0,54.352064898813424,0.0,0.0
3,100,True,True,,left,0.9945446848869324,0.34362587332725525,0.9945446848869324,0.9852307438850403,0,down,0,292.7921676635742,291.9262504577637,0.2886390686035156,77.40595966790262,78.13883767982234,96.18773293762068,97.24400018282145,28.426330582043853,28.327351851190798,0.04723688579459313,0.2959823759774944,28.327351851190798,0.0,54.23224854041237,0.0,0.0
4,133,True,True,,left,0.99232417345047,0.32382845878601074,0.99232417345047,0.9809496998786926,0,down,0,293.2123374938965,292.18346786499023,0.2572174072265625,77.17366479901575,77.94580310366102,95.73291759460592,96.94178366517835,28.39316437457766,28.34051435586817,0.3111405364126241,0.29901400806452033,28.34051435586817,0.0,54.18444786553138,0.0,0.0
5,167,True,True,,left,0.9919258952140808,0.3115192651748657,0.9919258952140808,0.9798154830932617,0,down,0,293.16590309143066,292.780460357666,0.5969924926757812,77.15734493159498,77.41067769328455,95.67628121387857,96.19174186694892,28.396838647926344,28.43976774287089,0.25844671368223127,0.2266940995264551,28.43976774287089,0.0,53.82400135483729,0.0,0.0
6,200,True,True,,left,0.9918076395988464,0.2990301549434662,0.9918076395988464,0.9795557856559753,0,down,0,293.5323429107666,293.0646800994873,0.28421974182128906,76.97405108599237,77.2400650207647,95.30447361260735,95.8565137797865,28.337083902252687,28.407848358272098,0.7010441180589128,0.3568363503746471,28.43976774287089,0.0,53.82400135483729,0.0,0.0
7,233,True,True,,left,0.9916307330131531,0.2910323441028595,0.9916307330131531,0.978855550289154,0,down,0,293.5099983215332,293.24254989624023,0.1778697967529297,76.94355630174648,77.13091535725043,95.23139698162561,95.62656046806762,28.326042261761224,28.37589195371235,0.04606917568250598,0.27278748592617347,28.43976774287089,0.0,53.82400135483729,0.0,0.0
8,267,True,True,,left,0.9907200336456299,0.2792847156524658,0.9907200336456299,0.9770966172218323,0,down,0,293.57059478759766,293.3982353210449,0.1556854248046875,76.89909563647174,77.02954255096427,95.1174846810413,95.41251081675175,28.30218999260272,28.351063835824128,0.18784317028182,0.30090874282361885,28.43976774287089,0.0,53.82400135483729,0.0,0.0
9,300,True,True,,left,0.9900984168052673,0.2688751816749573,0.9900984168052673,0.9756874442100525,0,down,0,293.83692741394043,293.5231533050537,0.12491798400878906,76.80724063494624,76.95625771815035,94.84711042782418,95.2353493833954,28.231335621241577,28.31869808515691,0.03186899414115684,0.24505443436932534,28.43976774287089,0.0,53.82400135483729,0.0,0.0
10,333,True,True,,left,0.9900747537612915,0.2625090479850769,0.9900747537612915,0.9753893613815308,0,down,0,293.81518363952637,293.65300941467285,0.12985610961914062,76.91767171672242,76.90832307517584,94.90551328559135,95.08119579773798,28.133175730941808,28.265965501760007,0.41092688044028636,0.2755504677209364,28.43976774287089,0.0,53.82400135483729,0.0,0.0
11,367,True,True,,left,0.9893031716346741,0.25160330533981323,0.9893031716346741,0.9739913940429688,0,down,0,293.893461227417,293.72523307800293,0.07222366333007812,76.90435875231917,76.89438460844123,94.83874123314412,94.9880493218453,28.10483249836215,28.219515220981897,0.0823561525315944,0.15181287461547271,28.43976774287089,0.0,53.82400135483729,0.0,0.0
12,400,True,True,,left,0.9893576502799988,0.24564345180988312,0.9893576502799988,0.9738234877586365,0,down,0,293.94641876220703,293.8125171661377,0.08728408813476562,76.8707548853837,76.87982432516864,94.75277371507069,94.89232466853431,28.08790541980276,28.171887852590203,0.16325790634171525,0.17525062074731457,28.43976774287089,0.0,53.82400135483729,0.0,0.0
13,433,True,True,,left,0.9895262122154236,0.24250324070453644,0.9895262122154236,0.9741274118423462,0,down,0,293.9054203033447,293.8794822692871,0.06696510314941406,76.90802391160115,76.88160998019454,94.74283319189583,94.81739437070523,28.052552724467596,28.121960398963175,0.019153282026808903,0.14151264309631234,28.43976774287089,0.0,53.82400135483729,0.0,0.0
14,467,True,True,,left,0.9890605211257935,0.23498082160949707,0.9890605211257935,0.9731397032737732,0,down,0,293.9663028717041,293.90535736083984,0.025875091552734375,76.8963366915621,76.89942919151771,94.6752634742787,94.78302497999614,28.027029420632942,28.081099158841454,0.30990462751809733,0.19711976977170045,28.43976774287089,0.0,53.82400135483729,0.0,0.0
15,500,True,True,,left,0.9893293380737305,0.23248325288295746,0.9893293380737305,0.9734057188034058,0,down,0,293.96029472351074,293.9343795776367,0.029022216796875,76.9454033021328,76.90497550859979,94.67877508376833,94.73767733963152,27.974493372603426,28.049362687173776,0.2566693464019247,0.1662682629640281,28.43976774287089,0.0,53.82400135483729,0.0,0.0
16,533,True,True,,left,0.9884968400001526,0.2244221419095993,0.9884968400001526,0.9719113707542419,0,down,0,294.0061283111572,293.95691299438477,0.022533416748046875,76.92049917536428,76.90820359320881,94.6628249476517,94.70249408253304,27.971417193617064,28.02267962622476,0.28730598542085206,0.20725822954187967,28.43976774287089,0.0,53.82400135483729,0.0,0.0
17,567,True,True,,left,0.9892353415489197,0.21797488629817963,0.9892353415489197,0.9736714363098145,0,down,0,254.33246612548828,286.034122467041,-7.92279052734375,110.99432153490307,83.73291692311268,120.71090068845149,99.8941194772092,22.478792668810712,26.900857076026348,0.8604346075896895,0.3466935697914745,28.43976774287089,0.0,53.82400135483729,0.0,0.0
18,600,True,True,,left,0.9884040951728821,0.20261196792125702,0.9884040951728821,0.9732773303985596,0,down,0,242.15457916259766,275.6839542388916,-10.350168228149414,124.25392594363333,93.20209732951912,130.33147362082806,107.01184756299565,19.28285086215317,25.146916703563463,0.6488268682637441,0.47262828703886156,28.43976774287089,0.0,53.82400135483729,0.0,0.0
19,633,True,True,,left,0.9832395315170288,0.18864166736602783,0.9832395315170288,0.968528151512146,0,down2,0,233.48965644836426,263.58862495422363,-12.095329284667969,135.21485219173587,104.86580042955389,137.40423308352277,115.55764148484448,15.433150227126788,22.62814086486223,0.5279526282468893,0.5162378871846199,28.43976774287089,0.0,53.82400135483729,0.0,0.0
20,667,True,True,,left,0.9814208149909973,0.18115057051181793,0.9814208149909973,0.9664009809494019,0,down2,0,226.63999557495117,250.12456512451172,-13.464059829711914,144.78269054116763,118.43325787736084,143.96557127426863,125.41500072294453,11.87222462564472,19.40768711547049,0.5159185812512573,0.5680877341544865,28.43976774287089,0.0,53.82400135483729,0.0,0.0
21,700,True,True,,left,0.9765360355377197,0.17195652425289154,0.9765360355377197,0.9615916013717651,0,down2,0,219.19385433197021,235.16211032867432,-14.962454795837402,156.4217105140329,134.33350014509455,152.80061631734813,137.04255899688383,7.8541525102058785,15.384234178788253,0.08654550718045345,0.5279356385064067,28.43976774287089,0.0,53.82400135483729,0.0,0.0
22,733,True,True,,left,0.9668499231338501,0.16086694598197937,0.9668499231338501,0.9521659016609192,0,down2,0,211.7897129058838,226.65355968475342,-8.508550643920898,163.59662023378684,144.8539598848713,162.88882231539955,145.47814332227344,6.482540164469285,12.184983677919968,0.43195001339263794,0.44223871966699646,28.43976774287089,0.0,53.82400135483729,0.0,0.0
23,767,True,True,,left,0.956174373626709,0.15118856728076935,0.956174373626709,0.9441705346107483,0,down2,0,205.97741603851318,219.41812705993652,-7.2354326248168945,169.15791957560754,153.83475861126618,169.24678946227397,153.2612064905626,4.7242204769856215,9.273257600886458,2.1673136103132387,0.7459360680768954,28.43976774287089,0.0,53.82400135483729,0.0,0.0
24,800,True,True,,left,0.9504965543746948,0.14259620010852814,0.9504965543746948,0.9358190298080444,0,down2,0,198.2558012008667,212.371356010437,-7.046771049499512,173.81913782234068,161.5556157373871,173.03407275545013,160.38717442494809,2.974731064878867,6.781573768436874,4.593177058210513,1.55898095406962,28.43976774287089,0.0,53.82400135483729,0.0,0.0
25,833,True,True,,left,0.9482256770133972,0.13789184391498566,0.9482256770133972,0.9303997159004211,0,down2,0,191.75620079040527,205.39459705352783,-6.97675895690918,175.40500835881596,167.6800793009168,175.03410303272423,166.6008807766392,2.1275121096747256,4.832631265242876,9.99598888955633,3.454995015730634,28.43976774287089,0.0,53.82400135483729,0.0,0.0
26,867,True,True,,left,0.937415361404419,0.13124926388263702,0.937415361404419,0.916072428226471,0,down2,0,186.57779216766357,198.8713846206665,-6.523212432861328,175.36914226966582,171.46956565204337,174.78152213617923,170.99706194040542,1.680107864844686,3.597822336170637,17.204254083026953,6.878536730899934,28.43976774287089,0.0,53.82400135483729,0.0,0.0
27,900,True,True,,left,0.9175259470939636,0.12147323042154312,0.9175259470939636,0.8964954614639282,0,down2,0,181.59451961517334,192.8323459625244,-6.03903865814209,178.11190061512946,174.3726217283119,175.70004146738944,173.5593057708034,0.1893097752628421,2.3391762583293483,22.76497928783474,11.345142585788356,28.43976774287089,0.0,53.82400135483729,0.0,0.0
28,933,True,True,,left,0.854189932346344,0.10998932272195816,0.854189932346344,0.843738853931427,0,down2,0,178.51527214050293,187.33991718292236,-5.492428779602051,176.74109959839112,175.8892577328686,172.57081199174766,174.22411027669813,0.5394049856449641,1.502213160061217,22.796834197559146,15.471046703237537,28.43976774287089,0.0,53.82400135483729,0.0,0.0
29,967,True,True,,left,0.7948210835456848,0.09972578287124634,0.7948210835456848,0.8014771938323975,0,down2,0,178.60107421875,183.40897178649902,-3.93094539642334,176.94001155447683,176.51343247929586,170.81983724701374,173.78126317501088,1.536563974057998,1.2145797418970432,25.198852886421474,19.592181868879727,28.43976774287089,0.0,53.82400135483729,0.0,0.0
30,1000,True,True,,left,0.7369559407234192,0.0903962105512619,0.7369559407234192,0.7566773295402527,0,up,1,179.4384241104126,180.9454164505005,-2.463555335998535,175.7501622645355,176.58246326043974,169.4008660986772,172.65461578820145,1.556265749396971,1.1003304698414922,24.896524398148095,22.572288970598084,28.43976774287089,22.572288970598084,53.82400135483729,57.100823684245775,55.46241251954153
31,1033,True,True,,left,0.6846396327018738,0.08183667808771133,0.6846396327018738,0.7160723209381104,0,up,1,181.6195821762085,179.95377445220947,-0.9916419982910156,174.67506607931185,176.4436480223689,167.6192188391993,171.22215512880547,1.4979983918001523,1.0639085752325854,24.699955566275385,24.071429267247765,28.43976774287089,24.071429267247765,53.82400135483729,62.466167903834105,58.1450846293357
32,1067,True,True,,left,0.6360483169555664,0.07418855279684067,0.6360483169555664,0.6760858297348022,0,up,1,182.55676746368408,180.14622402191162,0.19244956970214844,174.4518028259083,175.71162846452472,167.30155494847162,169.5424578250219,1.4834967984776597,1.322745979875549,25.29679063131195,24.57779153594321,28.43976774287089,24.57779153594321,53.82400135483729,64.27841181284938,59.05120658384334
33,1100,True,True,,left,0.6067518591880798,0.06771543622016907,0.6067518591880798,0.6549884676933289,0,up,1,182.96157360076904,181.03548431396484,0.8892602920532227,176.1193211110349,175.58727276705346,167.9861876814564,168.62553296296363,2.3673292126480874,1.6883308252761737,25.94947830529502,25.208320357490383,28.43976774287089,25.208320357490383,53.82400135483729,66.53504127943927,60.17952131713828
34,1133,True,True,,left,0.5769586563110352,0.0617888867855072,0.5769586563110352,0.6347426772117615,0,up,1,183.9052391052246,182.09631729125977,1.0608329772949219,176.02698290911243,175.4046670379806,167.16837724079008,167.8952409617189,2.4888621645257274,1.8787904633697194,26.960540923440263,25.56065796489414,28.43976774287089,25.56065796489414,53.82400135483729,67.79603903225271,60.810020193545
35,1167,True,True,,left,0.555385172367096,0.05666625127196312,0.555385172367096,0.6199983358383179,0,up,1,184.72925662994385,183.15448379516602,1.05816650390625,176.4480360352639,175.5442417921263,166.64574242392453,167.34421622676837,2.925943112313462,2.1527259359530175,27.256872127897037,26.032727510843934,28.43976774287089,26.032727510843934,53.82400135483729,69.48555109144145,61.65477622313937
36,1200,True,True,,left,0.5402210354804993,0.052419308573007584,0.5402210354804993,0.6048297882080078,0,up,1,184.20438766479492,183.6714448928833,0.5169610977172852,177.4920141173427,176.10763139973247,167.25747748800725,167.27186795652997,3.2173490509431417,2.4965960677816157,32.233094608610884,27.539355319311028,28.43976774287089,27.539355319311028,53.82400135483729,74.87769272174472,64.35084703829101
37,1233,True,True,,left,0.5208885669708252,0.0482616201043129,0.5208885669708252,0.5908498167991638,0,up,1,184.72204685211182,184.10450077056885,0.4330558776855469,178.1552736797656,176.84832557050393,167.05987374237887,167.22353171531142,3.648655977989705,2.9296279036840245,33.3634415965052,29.152685512349684,28.43976774287089,29.152685512349684,53.82400135483729,80.65171657051465,67.23785896267597
38,1267,True,True,,left,0.5103129744529724,0.044971343129873276,0.5103129744529724,0.5827143788337708,0,up,1,185.60930728912354,184.63404750823975,0.5295467376708984,176.70757158594066,176.96597566548505,165.87326299872237,166.80094677876463,3.181510067690752,3.0924640746925576,33.40003382682534,30.642796616655744,28.43976774287089,30.642796616655744,53.82400135483729,85.98474578592582,69.90437357038155
39,1300,True,True,,left,0.5155431628227234,0.04329696297645569,0.5155431628227234,0.5834430456161499,0,up,1,185.8449125289917,185.02198219299316,0.38793468475341797,177.38954719563452,177.23848852278948,165.781450730776,166.5235614767618,3.6050395863521345,3.315699559057839,33.512900495910806,31.953268531149853,28.43976774287089,31.953268531149853,53.82400135483729,90.67485579569421,72.24942857526575
40,1333,True,True,,left,0.5185741186141968,0.041662976145744324,0.5185741186141968,0.5802139043807983,0,up,1,185.6984567642212,185.21582221984863,0.19384002685546875,176.75136125292877,177.29915356632245,165.4812389215138,166.29066077627968,3.28804436827906,3.3881198102509584,36.1492377206182,33.73174164969409,28.43976774287089,33.73174164969409,53.82400135483729,97.03991748311567,75.43195941897648
41,1367,True,True,,left,0.5259889960289001,0.04099292680621147,0.5259889960289001,0.5811024904251099,0,up,1,185.83325386047363,185.54159545898438,0.3257732391357422,176.51246698920423,177.10324414069476,165.17441461802403,165.874048202283,3.234487163754821,3.3915474328132946,36.155269768078476,34.5161766815876,28.43976774287089,34.5161766815876,53.82400135483729,99.84736917620826,76.83568526552278
42,1400,True,True,,left,0.5281786918640137,0.039917897433042526,0.5281786918640137,0.5809820890426636,0,up,1,185.61133861541748,185.7194538116455,0.1778583526611328,176.42679910867588,176.75754922647678,165.070674741422,165.47620840209166,3.2666012737176686,3.3151364919588873,37.349696796269555,35.31342772154047,28.43976774287089,35.31342772154047,53.82400135483729,100.0,76.91200067741865
43,1433,True,True,,left,0.5208869576454163,0.03764355927705765,0.5208869576454163,0.5711596608161926,0,up,1,185.64655780792236,185.72690391540527,0.007450103759765625,176.21587223995797,176.6592093572803,164.88750274227655,165.27905635080248,3.181300569423911,3.315094592305519,37.571471985371076,36.14771535324962,28.43976774287089,36.14771535324962,53.82400135483729,100.0,76.91200067741865
44,1467,True,True,,left,0.5364771485328674,0.03759172558784485,0.5364771485328674,0.5783538222312927,0,up,1,185.6004810333252,185.67801761627197,-0.04888629913330078,176.1299053284015,176.4072809838337,165.0992063573034,165.14260747610797,3.1346915913753293,3.221024993310158,35.580811425258844,36.56129753911923,28.43976774287089,36.56129753911923,53.82400135483729,100.0,76.91200067741865
45,1500,True,True,,left,0.5473572015762329,0.037847746163606644,0.5473572015762329,0.5783166885375977,0,up,1,185.34235954284668,185.60679817199707,-0.07121944427490234,176.40528903367152,176.3380665399822,166.18703527081806,165.2837667459688,2.9719784033330683,3.1578118003209594,35.276298199681484,36.38670963493189,28.43976774287089,36.56129753911923,53.82400135483729,100.0,76.91200067741865
46,1533,True,True,,left,0.5454491376876831,0.03680436685681343,0.5454491376876831,0.5785024166107178,0,up,1,185.87212085723877,185.6145715713501,0.007773399353027344,175.6412752638216,176.16382819490568,166.86448998967387,165.62178182029876,2.330732334354309,2.977060834440857,36.441095147546164,36.443874710825426,28.43976774287089,36.56129753911923,53.82400135483729,100.0,76.91200067741865
47,1567,True,True,,left,0.5512253642082214,0.03771195933222771,0.5512253642082214,0.5827991962432861,0,up,1,190.20063400268555,186.5324306488037,0.9178590774536133,174.90199639021534,175.8588676512136,166.72248256030323,165.952143384075,1.96127384608792,2.7159953489149076,36.36890586316199,36.24771652420391,28.43976774287089,36.56129753911923,53.82400135483729,100.0,76.91200067741865
48,1600,True,True,,left,0.556014358997345,0.03762640804052353,0.556014358997345,0.5857194066047668,0,up,1,190.9121561050415,187.58555030822754,1.0531196594238281,174.15518107128358,175.4467294174787,167.06635343954557,166.38791352352882,1.3451892472355667,2.3487730844772385,35.112061949477464,35.75583451702519,28.43976774287089,36.56129753911923,53.82400135483729,100.0,76.91200067741865
49,1633,True,True,,left,0.5608150362968445,0.03747428581118584,0.5608150362968445,0.5923982262611389,0,up,1,190.779447555542,188.6213436126709,1.0357933044433594,172.90082670538192,174.8009136928748,166.2897208800484,166.62601642807783,0.8529206851111866,1.89241890322441,33.91045181130069,35.421762594233556,28.43976774287089,36.56129753911923,53.82400135483729,100.0,76.91200067741865
50,1667,True,True,,left,0.5794378519058228,0.038351576775312424,0.5794378519058228,0.6093811392784119,0,up,1,190.48916816711426,189.6507053375244,1.0293617248535156,171.84472335236276,173.88880055661303,165.6301645451372,166.51464228294165,0.4785191705936995,1.3937270566765363,31.026403530318028,34.57178366036087,28.43976774287089,36.56129753911923,53.82400135483729,100.0,76.91200067741865
51,1700,True,True,,left,0.603872537612915,0.04083250090479851,0.603872537612915,0.6304119229316711,0,up,1,190.41350841522217,190.5589828491211,0.9082775115966797,170.8125844348062,172.92306239080995,165.34337255262813,166.2104187955325,0.03778518174152623,0.9351376261539798,28.41531782473723,32.96662819579908,28.43976774287089,36.56129753911923,53.82400135483729,100.0,76.91200067741865
52,1733,True,True,,left,0.6236904263496399,0.040846094489097595,0.6236904263496399,0.6468172073364258,0,up,1,191.3969850540161,190.7982530593872,0.23927021026611328,169.1629328331938,171.77524967940568,164.81110462136516,165.8281432077449,1.1307891738651392,0.7690406917094237,19.793520831807847,29.651551189528256,28.43976774287089,36.56129753911923,53.82400135483729,100.0,76.91200067741865
53,1767,True,True,,left,0.6510836482048035,0.0442720428109169,0.6510836482048035,0.6711943745613098,0,up,1,192.3460865020752,191.08503913879395,0.2867860794067383,168.7785593088385,170.69992532691668,165.52885917387516,165.52064435461082,2.121104715471162,0.9242237853565427,16.484262144562486,25.925991228545257,28.43976774287089,36.56129753911923,53.82400135483729,100.0,76.91200067741865
54,1800,True,True,,left,0.6762034893035889,0.04965068772435188,0.6762034893035889,0.6916258335113525,0,up,1,193.48151206970215,191.62545204162598,0.5404129028320312,168.0659528139345,169.73295054862714,165.68248250309122,165.3991966792194,3.3573401000992362,1.4251076683541526,11.400459899203353,21.42399284612579,28.43976774287089,36.56129753911923,53.82400135483729,100.0,76.91200067741865
55,1833,True,True,,left,0.7050806283950806,0.06093289330601692,0.7050806283950806,0.7185408473014832,0,up,1,198.78278732299805,193.28417587280273,1.6587238311767578,167.21581341182537,168.80716856051967,164.73112114755335,165.21938799970263,4.218307067477426,2.173065247730898,6.95862059767339,16.61043625959686,28.43976774287089,36.56129753911923,53.82400135483729,100.0,76.91200067741865
56,1867,True,True,,left,0.7296648621559143,0.068875752389431,0.7296648621559143,0.743289053440094,0,up,1,205.22502422332764,196.24647903442383,2.9623031616210938,165.32732735408834,167.71011714437608,163.39875153538918,164.83046379625483,5.195280070473785,3.2045642254773496,5.757977019726859,12.078968098594787,28.43976774287089,36.56129753911923,53.82400135483729,100.0,76.91200067741865
57,1900,True,True,,left,0.752197802066803,0.07717698812484741,0.752197802066803,0.7653700709342957,0,up,1,214.05381202697754,200.7778444290161,4.531365394592285,161.19273672839725,166.11607792341678,160.1039222397623,163.88902731993426,7.208838391837617,4.420174069071845,1.8588030014799997,8.492024532529218,28.43976774287089,36.56129753911923,53.82400135483729,100.0,76.91200067741865
58,1933,True,True,,left,0.7706508040428162,0.08278169482946396,0.7706508040428162,0.7838752865791321,0,up,1,221.5522813796997,206.61908340454102,5.841238975524902,155.18084303146895,163.39653466794286,157.1023680123798,162.20372908763517,10.319010287337903,6.059755183445193,1.8494000332677016,5.56505211027026,28.43976774287089,36.56129753911923,53.82400135483729,100.0,76.91200067741865
59,1967,True,True,,left,0.7873166799545288,0.08773690462112427,0.7873166799545288,0.7996830940246582,0,up,1,226.8834114074707,213.29946327209473,6.680379867553711,152.59372284864307,160.3020886748846,154.62104213705146,159.9914410144272,11.544383157835298,7.697163794992406,1.1468128132638287,3.514322693082356,28.43976774287089,36.56129753911923,53.82400135483729,100.0,76.91200067741865
60,2000,True,True,,left,0.7995468378067017,0.08834082633256912,0.7995468378067017,0.8130943775177002,0,up,1,228.83118152618408,219.30914211273193,6.009678840637207,142.63603985299852,155.38613396311922,148.41202614382343,156.72762201368124,15.607790040357216,9.975060389568364,0.5174903403722668,2.2260966416221306,28.43976774287089,36.56129753911923,53.82400135483729,100.0,76.91200067741865
61,2033,True,True,,left,0.8139611482620239,0.08837448805570602,0.8139611482620239,0.8259060382843018,0,up,1,233.93450260162354,225.0510377883911,5.74189567565918,129.54135927330717,148.228940346963,139.9952558615412,152.04692287891163,20.389941554591317,13.01399268639187,1.2700004115393344,1.3285013199846263,28.43976774287089,36.56129753911923,53.82400135483729,100.0,76.91200067741865
62,2067,True,True,,left,0.8290519714355469,0.08746165037155151,0.8290519714355469,0.8398185968399048,0,up,1,239.29598808288574,230.09947299957275,5.048435211181641,124.00476054418964,140.79134511012145,136.19201259651913,147.264540950263,22.14593412293935,16.001411832612217,0.5852493922455829,1.073790598137743,28.43976774287089,36.56129753911923,53.82400135483729,100.0,76.91200067741865
63,2100,True,True,,left,0.843195378780365,0.08525287359952927,0.843195378780365,0.8534463047981262,0,up,1,246.93964004516602,235.17694473266602,5.077471733093262,114.30934093451148,132.61704469072998,129.0842832548421,141.66092399875546,25.117356627996784,18.961081100743993,1.2409778434736947,0.9521061601789415,28.43976774287089,36.56129753911923,53.82400135483729,100.0,76.91200067741865
64,2133,True,True,,left,0.8575173020362854,0.0898260772228241,0.8575173020362854,0.8659092783927917,0,up,1,251.96542739868164,240.1933479309082,5.0164031982421875,104.5560632136742,123.00951276373618,122.25427948893098,135.18757146913134,28.30499079330724,22.313202627838383,0.8185205156560174,0.8864477006573793,28.43976774287089,36.56129753911923,53.82400135483729,100.0,76.91200067741865
65,2167,True,True,,left,0.8709849119186401,0.10035021603107452,0.8709849119186401,0.8776621222496033,0,up,1,259.77341651916504,246.3817949295044,6.188446998596191,101.59509829759087,114.80132445265467,118.05560969944801,129.11628818025628,27.61655864587864,24.714956348942668,0.3281828430449776,0.8485862011919213,28.43976774287089,36.56129753911923,53.82400135483729,100.0,76.91200067741865
66,2200,True,True,,left,0.8830996155738831,0.10708467662334442,0.8830996155738831,0.8882882595062256,0,up,1,265.3809928894043,252.67109298706055,6.289298057556152,97.16908648724566,108.32686989544236,114.12741870240063,123.94272074842817,28.20413888700009,26.277795815424422,0.6940706805904018,0.7334002550021349,28.43976774287089,36.56129753911923,53.82400135483729,100.0,76.91200067741865
67,2233,True,True,,left,0.8942238092422485,0.12242095917463303,0.8942238092422485,0.8975375294685364,0,up,1,272.711706161499,259.3542366027832,6.683143615722656,93.04673834059453,102.13526545472334,109.2549955885974,118.55531734684382,27.95560306607971,27.43972960405249,0.9368274413302994,0.8037158648190783,28.43976774287089,36.56129753911923,53.82400135483729,100.0,76.91200067741865
68,2267,True,True,,left,0.9037832617759705,0.13634856045246124,0.9037832617759705,0.9017719626426697,0,up,1,279.03857231140137,265.7740230560303,6.41978645324707,89.87268706148178,97.2479346801174,105.06687972146212,113.75183664016784,27.167724143641188,27.849803107181373,0.9698372354102869,0.7494877432063966,28.43976774287089,36.56129753911923,53.82400135483729,100.0,76.91200067741865
69,2300,True,True,,left,0.9129525423049927,0.1498984545469284,0.9129525423049927,0.9094448685646057,0,up,1,284.70208168029785,272.3213539123535,6.547330856323242,88.67166798603101,94.07105563458876,102.17066802160475,109.73511434670259,25.20016746634643,27.228838441789208,0.953213861588242,0.7764264123928415,28.43976774287089,36.56129753911923,53.82400135483729,100.0,76.91200067741865
70,2333,True,True,,left,0.9213815331459045,0.1590902954339981,0.9213815331459045,0.9173721075057983,0,up,1,289.79355812072754,278.325382232666,6.0040283203125,89.10298395598413,91.57263276626743,99.87809095017009,106.09961059684699,22.472484740153163,26.200023660644113,1.029975948130339,0.9167850334099139,28.43976774287089,36.56129753911923,53.82400135483729,100.0,76.91200067741865
71,2367,True,True,,left,0.9286723136901855,0.1641887128353119,0.9286723136901855,0.9230334758758545,0,up,1,291.20936393737793,283.49105644226074,5.165674209594727,90.31445005864703,90.2017054805477,98.58164857585629,102.99045657153813,19.94433746323972,24.548063375892042,0.6352666286673905,0.9050242230253115,28.43976774287089,36.56129753911923,53.82400135483729,100.0,76.91200067741865
72,2400,True,True,,left,0.9343652129173279,0.1580926924943924,0.9343652129173279,0.9259739518165588,0,up,1,293.0873394012451,287.56618309020996,4.075126647949219,89.33539431290599,89.45943667500998,95.59208175683351,100.25787380518537,17.841444428076812,22.525231648291463,0.6529929800194787,0.8482573307631472,28.43976774287089,36.56129753911923,53.82400135483729,100.0,76.91200067741865
73,2433,True,True,,left,0.9385002851486206,0.1589571088552475,0.9385002851486206,0.9261752963066101,0,down,1,290.98657608032227,289.95578384399414,2.3896007537841797,91.78984346297925,89.84286795530947,96.2308336564052,98.49066459217397,16.039653419392963,20.299617503441816,0.7855938435296251,0.811408652387015,20.299617503441816,0.0,83.38559959276392,0.0,0.0
74,2467,True,True,,left,0.9435858726501465,0.1655484437942505,0.9435858726501465,0.9297652244567871,0,down,1,290.79257011413574,291.1738815307617,1.2180976867675781,93.79000230846808,90.8665348197969,96.54129856218506,97.36479070029004,13.887514857776878,18.037086981727906,0.8040284369672104,0.7815715674628088,20.299617503441816,0.0,83.38559959276392,0.0,0.0
75,2500,True,True,,left,0.948215126991272,0.17068706452846527,0.948215126991272,0.9335653185844421,0,down,1,289.38855171203613,291.09288024902344,-0.08100128173828125,97.38496878417014,92.5229317854341,97.72267220575056,96.93370695140611,11.176124410429836,15.777814915783242,1.0221697374941767,0.7800103253355763,20.299617503441816,0.0,83.38559959276392,0.0,0.0
76,2533,True,True,,left,0.9521036148071289,0.16832633316516876,0.9521036148071289,0.9370798468589783,0,down,1,288.61035346984863,290.5730781555176,-0.5198020935058594,100.35621406357093,94.53128458641888,97.94762421956823,96.80690208014852,8.379365010700099,13.464820425275317,1.007548209137184,0.854466641429535,20.299617503441816,0.0,83.38559959276392,0.0,0.0
77,2567,True,True,,left,0.9548263549804688,0.16500025987625122,0.9548263549804688,0.9377017021179199,0,down,1,290.09202003479004,289.97401428222656,-0.5990638732910156,101.78701946163503,97.02160961616468,97.07821611947722,97.10412895267726,5.993584103331173,11.09524836032619,0.5997791249798986,0.843823870421619,20.299617503441816,0.0,83.38559959276392,0.0,0.0
78,2600,True,True,,left,0.9578168988227844,0.16655229032039642,0.9578168988227844,0.9405786991119385,0,down,1,291.6532230377197,290.10734367370605,0.1333293914794922,101.62447205337996,98.98853533424482,95.4087866389284,96.9397195491819,4.36518229708345,8.760354135864286,0.5818047014876057,0.8030660420132151,20.299617503441816,0.0,83.38559959276392,0.0,0.0
79,2633,True,True,,left,0.960618257522583,0.17017363011837006,0.960618257522583,0.9434927701950073,0,down,1,293.5360908508301,290.6560478210449,0.5487041473388672,102.14281492967078,100.65909785848537,94.11420858701229,96.45430155414734,2.537862048607579,6.4904235740304275,0.4919940518245263,0.7406591649846783,20.299617503441816,0.0,83.38559959276392,0.0,0.0
80,2667,True,True,,left,0.9617773294448853,0.16840112209320068,0.9617773294448853,0.9440324902534485,0,down,1,293.5136890411377,291.48107528686523,0.8250274658203125,103.30792083340421,101.84368826833217,94.11627713889156,95.73302254077554,1.2726098894702602,4.509720669838512,0.5161879777024266,0.6394628130263282,20.299617503441816,0.0,83.38559959276392,0.0,0.0
81,2700,True,True,,left,0.9617584347724915,0.1687309443950653,0.9617584347724915,0.9415033459663391,0,down,1,294.55753326416016,292.67051124572754,1.1894359588623047,103.88461816034958,102.5493690876879,93.51994830010064,94.84748735688203,0.10075209304092425,2.853998086306677,0.49266464434786345,0.5364861000684641,20.299617503441816,0.0,83.38559959276392,0.0,0.0
82,2733,True,True,,left,0.9636403322219849,0.17438416182994843,0.9636403322219849,0.942252516746521,0,down,1,295.1382064819336,293.67974853515625,1.009237289428711,104.91955849330009,103.17587689402094,93.28376507248947,94.08859714748448,1.1145155261080504,1.8781843708620527,0.4537659251216851,0.5072834600968215,20.299617503441816,0.0,83.38559959276392,0.0,0.0
83,2767,True,True,,left,0.9606108069419861,0.17075666785240173,0.9606108069419861,0.9347919821739197,0,down,1,295.5530261993408,294.45970916748047,0.7799606323242188,105.52828914465341,103.95664031227561,93.24929766115443,93.65669935192969,1.7995088397606196,1.3650496793974867,0.49395417358430826,0.489713354516162,20.299617503441816,0.0,83.38559959276392,0.0,0.0
84,2800,True,True,,left,0.9589856863021851,0.16497254371643066,0.9589856863021851,0.9313278198242188,0,down,1,295.75770378112793,294.90403175354004,0.4443225860595703,106.67553245701191,104.86318381774383,93.82211170526136,93.5982799755795,2.557908956175993,1.3690590609111695,0.7860090218807265,0.548516348527402,20.299617503441816,0.0,83.38559959276392,0.0,0.0
85,2833,True,True,,left,0.9589118957519531,0.16307662427425385,0.9589118957519531,0.9303208589553833,0,down,1,296.16302490234375,295.43389892578125,0.5298671722412109,107.1013749638884,105.62187464384067,93.8266859864511,93.54036174509139,3.003466948804956,1.7152304727781087,0.7480325776424924,0.5948852685154151,20.299617503441816,0.0,83.38559959276392,0.0,0.0
86,2867,True,True,,left,0.9553202986717224,0.15919911861419678,0.9553202986717224,0.923165500164032,0,down,1,295.7838535308838,295.679162979126,0.24526405334472656,107.53495469674519,106.35194195111981,94.15549362626935,93.66747081032513,3.231396445358243,2.3413593432415722,0.7737355184997954,0.6510994433458015,20.299617503441816,0.0,83.38559959276392,0.0,0.0
87,2900,True,True,,left,0.9513965249061584,0.15624433755874634,0.9513965249061584,0.9179267287254333,0,down,1,295.7113838195801,295.7937984466553,0.11463546752929688,108.01111269092357,106.97025279064451,94.2137857468207,93.85347494519138,3.708690422453685,2.8601943225106994,0.7864584681353873,0.717637951948542,20.299617503441816,0.0,83.38559959276392,0.0,0.0
88,2933,True,True,,left,0.9441899657249451,0.1497488170862198,0.9441899657249451,0.9100838303565979,0,down,1,295.680513381958,295.8192958831787,0.0254974365234375,108.114963530571,107.48758766782802,94.2231180431038,94.04823902158125,3.8487466635674963,3.2700418872720745,1.085377429815408,0.835922603194762,20.299617503441816,0.0,83.38559959276392,0.0,0.0
89,2967,True,True,,left,0.9393967390060425,0.1446922868490219,0.9393967390060425,0.9050894379615784,0,down,1,295.8475971221924,295.8372745513916,0.017978668212890625,108.07732832064093,107.76794684055383,94.18588363519981,94.12099340756895,3.9049216572695826,3.5394444274907926,1.234767209679428,0.9256742407545022,20.299617503441816,0.0,83.38559959276392,0.0,0.0
90,3000,True,True,,left,0.9350569248199463,0.1423822045326233,0.9350569248199463,0.9005647301673889,0,down,1,295.7669448852539,295.75805854797363,-0.07921600341796875,108.26759816968791,108.0011914817137,94.28659554336811,94.21297531895236,4.042909964088437,3.747333030547489,1.0960882129145038,0.9952853678089045,20.299617503441816,0.0,83.38559959276392,0.0,0.0
91,3033,True,True,,left,0.9304689764976501,0.13792382180690765,0.9304689764976501,0.8963987827301025,0,down,1,295.75364112854004,295.7520160675049,-0.00604248046875,108.40906130164005,108.17601280269268,94.41414662194066,94.2647059180866,4.080037218354647,3.91706118514677,1.0293152139074102,1.0464013068904277,20.299617503441816,0.0,83.38559959276392,0.0,0.0
92,3067,True,True,,left,0.9286396503448486,0.13604947924613953,0.9286396503448486,0.8934266567230225,0,down,1,295.8657646179199,295.78289222717285,0.03087615966796875,108.39838514752854,108.25346729401369,94.47097866479454,94.31614450168138,4.077838073413062,3.990890715338645,0.8493803236291043,1.0589856779891709,20.299617503441816,0.0,83.38559959276392,0.0,0.0
93,3100,True,True,,left,0.9282007813453674,0.1367967277765274,0.9282007813453674,0.8927470445632935,0,down,1,295.911340713501,295.82905769348145,0.04616546630859375,108.4325943059718,108.31699344909384,94.46953783682456,94.36542846042553,4.1386843493360885,4.048878252492363,1.014760727496282,1.0448623375253456,20.299617503441816,0.0,83.38559959276392,0.0,0.0
94,3133,True,True,,left,0.929264485836029,0.13586153090000153,0.929264485836029,0.8953672647476196,0,down,1,295.9171485900879,295.84296798706055,0.013910293579101562,108.27832401608424,108.35719258818251,94.48335256441133,94.42492224626784,3.963034352061399,4.0605007914507265,0.7509931353853216,0.9481075226665245,20.299617503441816,0.0,83.38559959276392,0.0,0.0
95,3167,True,True,,left,0.9291377663612366,0.13542377948760986,0.9291377663612366,0.8946739435195923,0,down,1,296.2178421020508,295.9331474304199,0.090179443359375,108.05636445246543,108.314945844738,94.4106725094399,94.44973763948221,3.8149226724641636,4.014903333125872,0.8251586345508659,0.8939216069937969,20.299617503441816,0.0,83.38559959276392,0.0,0.0
96,3200,True,True,,left,0.9286962151527405,0.13429075479507446,0.9286962151527405,0.892327070236206,0,down,1,296.20914459228516,296.02424812316895,0.09110069274902344,108.03255537207433,108.23964465882486,94.47247003150018,94.4614023213941,3.727946346973013,3.9444851588495453,0.7919666829004606,0.8464519007924067,20.299617503441816,0.0,83.38559959276392,0.0,0.0
97,3233,True,True,,left,0.9267410635948181,0.13065989315509796,0.9267410635948181,0.8903616666793823,0,down,1,296.2503433227539,296.10116386413574,0.07691574096679688,108.02644644615405,108.16525691854997,94.47220937181243,94.46164846279768,3.724163551832632,3.8737502545334594,0.8207870766923985,0.8407332514050658,20.299617503441816,0.0,83.38559959276392,0.0,0.0
98,3267,True,True,,left,0.9223164916038513,0.12768055498600006,0.9223164916038513,0.8854519128799438,0,down,1,296.24802589416504,296.16850090026855,0.0673370361328125,108.0046554009169,108.07966913753899,94.43919913889059,94.45558072321089,3.7043967576285155,3.7868927361919447,0.7211813774234471,0.7820173813904987,20.299617503441816,0.0,83.38559959276392,0.0,0.0
99,3300,True,True,,left,0.9173656105995178,0.12396229058504105,0.9173656105995178,0.8797714710235596,0,down,1,296.39116287231445,296.26330375671387,0.0948028564453125,107.68091867637344,107.96018806959682,94.322999681839,94.42351014669643,3.4904610931724704,3.692378084414159,0.6895110687817732,0.7697209680697891,20.299617503441816,0.0,83.38559959276392,0.0,0.0
100,3333,True,True,,left,0.9154521226882935,0.12207827717065811,0.9154521226882935,0.8791130185127258,0,down,1,296.45490646362305,296.3107166290283,0.047412872314453125,107.45988556226754,107.84089229155725,93.95120293276776,94.331616231362,3.336869032402106,3.5967673564017475,0.767871024532528,0.7582634460661215,20.299617503441816,0.0,83.38559959276392,0.0,0.0
101,3367,True,True,,left,0.9173845648765564,0.12323133647441864,0.9173845648765564,0.8805405497550964,0,down,1,296.45922660827637,296.36073303222656,0.05001640319824219,107.64153167277216,107.76268755169683,94.3184018466053,94.300802594383,3.3001119047917484,3.5112004679654945,0.5381278292575215,0.7074956753375337,20.299617503441816,0.0,83.38559959276392,0.0,0.0
102,3400,True,True,,left,0.9194685220718384,0.12494874745607376,0.9194685220718384,0.8814336657524109,0,down,1,296.5518379211426,296.4210319519043,0.060298919677734375,107.49641538143631,107.65668133875326,94.33181335566769,94.27272339115407,3.1303199167073927,3.3924317409404465,0.4909384485373311,0.6415259497065202,20.299617503441816,0.0,83.38559959276392,0.0,0.0
103,3433,True,True,,left,0.9222086668014526,0.1289028823375702,0.9222086668014526,0.8844953775405884,0,down,1,296.56702995300293,296.4848327636719,0.06380081176757812,107.20206889736032,107.49616403804195,93.9858736753628,94.18205829844851,2.937491863733513,3.239050762161446,0.43830084697899563,0.5849498436176299,20.299617503441816,0.0,83.38559959276392,0.0,0.0
104,3467,True,True,,left,0.9214662313461304,0.1288129687309265,0.9214662313461304,0.8842315673828125,0,down,1,296.73102378845215,296.5528049468994,0.06797218322753906,106.95824150494026,107.35162860375533,93.69873488678873,94.05720533943844,2.8020930744212222,3.1013771584111964,0.6247923282048534,0.5720060955022459,20.299617503441816,0.0,83.38559959276392,0.0,0.0
105,3500,True,True,,left,0.9154778122901917,0.12500199675559998,0.9154778122901917,0.8790982365608215,0,down,1,296.71606063842773,296.60503578186035,0.0522308349609375,106.94202129975162,107.24805575125212,93.69381086003665,94.00572692489223,2.768503140968562,2.9877039801244876,0.7579200614360077,0.5700159028829418,20.299617503441816,0.0,83.38559959276392,0.0,0.0
106,3533,True,True,,left,0.9134793877601624,0.12215308099985123,0.9134793877601624,0.8771288990974426,0,down,1,296.54688835144043,296.62256813049316,0.0175323486328125,106.95781665830346,107.11131274835839,93.79781975405693,93.90161050638257,2.685963152437381,2.8648742296536143,0.8751247185714628,0.6374152807457302,20.299617503441816,0.0,83.38559959276392,0.0,0.0
107,3567,True,True,,left,0.9101477861404419,0.12042563408613205,0.9101477861404419,0.874492883682251,0,down,1,296.54611587524414,296.6214237213135,-0.0011444091796875,106.74203371094461,106.96043641426004,93.67350139870301,93.76994811498963,2.497981160863091,2.738406478484754,0.829184294685516,0.7050644499753671,20.299617503441816,0.0,83.38559959276392,0.0,0.0
108,3600,True,True,,left,0.9123157262802124,0.12076076120138168,0.9123157262802124,0.8782312870025635,0,down,1,296.5400218963623,296.61602210998535,-0.005401611328125,106.56487321807025,106.83299727840203,93.60347337168359,93.69346805425378,2.3381814242737278,2.6185443905927968,0.8512051876565915,0.7876453181108862,20.299617503441816,0.0,83.38559959276392,0.0,0.0
109,3633,True,True,,left,0.91129070520401,0.11963070929050446,0.91129070520401,0.8776336908340454,0,down,1,296.54056549072266,296.57793045043945,-0.03809165954589844,106.26244530678424,106.69383803877083,93.55896763952894,93.66551460480183,2.0666165679947994,2.4714490893075123,0.8988334020623486,0.8424535328823854,20.299617503441816,0.0,83.38559959276392,0.0,0.0
110,3667,True,True,,left,0.9136488437652588,0.1202392727136612,0.9136488437652588,0.8807144165039062,0,down,1,296.5910339355469,296.5529251098633,-0.025005340576171875,105.62103620891476,106.42964102060346,92.91347249824217,93.50944693244293,1.7557281869088683,2.2688940984955734,0.8449970346813511,0.8598689275314539,20.299617503441816,0.0,83.38559959276392,0.0,0.0
111,3700,True,True,,left,0.9146073460578918,0.11823508143424988,0.9146073460578918,0.8830511569976807,0,down,1,296.59738540649414,296.563024520874,0.010099411010742188,105.42121942186269,106.1223215733153,92.79721066371414,93.30932511437439,1.6229444318330764,2.0562903543747124,0.9819125489277454,0.8812264936027105,20.299617503441816,0.0,83.38559959276392,0.0,0.0
112,3733,True,True,,left,0.9181550145149231,0.11857657134532928,0.9181550145149231,0.8876463174819946,0,down,1,296.5846538543701,296.5707321166992,0.0077075958251953125,105.45431263571939,105.86477735827027,92.80954612219512,93.1365340590728,1.6221214343078145,1.8811184090636572,1.2379104163024932,0.962971717926106,20.299617503441816,0.0,83.38559959276392,0.0,0.0
113,3767,True,True,,left,0.9183455109596252,0.11718248575925827,0.9183455109596252,0.8877650499343872,0,down,1,296.5470600128174,296.57213973999023,0.001407623291015625,105.64297826349033,105.68039836735429,92.92928283493842,93.00169595172375,1.7022562884260992,1.7539333818941316,1.1957599393544684,1.0318826682656814,20.299617503441816,0.0,83.38559959276392,0.0,0.0
114,3800,True,True,,left,0.9174119234085083,0.11454518139362335,0.9174119234085083,0.8872472643852234,0,down,1,296.54565811157227,296.57315826416016,0.001018524169921875,105.84231089152301,105.59637148430204,92.95017073680548,92.87993657117906,1.8558482830727314,1.711779724909718,1.0525228497347712,1.062620557800166,20.299617503441816,0.0,83.38559959276392,0.0,0.0
115,3833,True,True,,left,0.9193013906478882,0.11576139181852341,0.9193013906478882,0.8885128498077393,0,down,1,296.5137004852295,296.5576915740967,-0.015466690063476562,105.80519684601661,105.63320361172241,93.01626117637018,92.90049430680466,1.823745485128569,1.725383184553658,0.7200221702243268,1.037625584908761,20.299617503441816,0.0,83.38559959276392,0.0,0.0
116,3867,True,True,,left,0.920783281326294,0.11853694170713425,0.920783281326294,0.8903164863586426,0,down,1,296.41977310180664,296.5221691131592,-0.0355224609375,105.57299030809074,105.66355778896802,92.98126918409682,92.9373060108812,1.5884976702377713,1.718493832234597,0.734259376781602,0.9880949504795323,20.299617503441816,0.0,83.38559959276392,0.0,0.0
117,3900,True,True,,left,0.925316333770752,0.12468519806861877,0.925316333770752,0.8954321146011353,0,down,1,296.4180564880371,296.4888496398926,-0.03331947326660156,105.42045586713503,105.65678643525114,92.95623596212734,92.96664397886765,1.4334395140680982,1.6807574481866538,0.7054588101638781,0.8816046292518094,20.299617503441816,0.0,83.38559959276392,0.0,0.0
118,3933,True,True,,left,0.9285281896591187,0.1301247626543045,0.9285281896591187,0.8990011215209961,0,down,1,296.5003967285156,296.4795169830322,-0.009332656860351562,104.91745018274749,105.5116808191026,92.8302601302957,92.94683943793909,1.0523819481087315,1.5507825801231803,0.5420087649992925,0.7508543943807741,20.299617503441816,0.0,83.38559959276392,0.0,0.0
119,3967,True,True,,left,0.9322522282600403,0.13052110373973846,0.9322522282600403,0.9046202301979065,0,down,1,296.56508445739746,296.48340225219727,0.0038852691650390625,104.29809634026094,105.20283790885017,92.40342474125896,92.8374902388298,0.7273325682534448,1.325079437159323,0.6499827155111144,0.6703463675360427,20.299617503441816,0.0,83.38559959276392,0.0,0.0
120,4000,True,True,,left,0.9347198009490967,0.12856343388557434,0.9347198009490967,0.9088172912597656,0,down,1,296.5920066833496,296.4990634918213,0.015661239624023438,104.37018537364669,104.91583561437616,92.34794926157308,92.70382785587039,0.8034931506861085,1.121028970270831,0.7972025055775979,0.685782434606697,20.299617503441816,0.0,83.38559959276392,0.0,0.0
121,4033,True,True,,left,0.9361618757247925,0.13016961514949799,0.9361618757247925,0.9116065502166748,0,down,1,296.5960121154785,296.53431129455566,0.035247802734375,104.3295714428432,104.66715184132667,92.39468859574112,92.58651173819923,0.7732963778896078,0.9579887118011982,1.0621962164710337,0.7513698025445834,20.299617503441816,0.0,83.38559959276392,0.0,0.0
122,4067,True,True,,left,0.9378953576087952,0.1287064105272293,0.9378953576087952,0.9147105813026428,0,down,1,296.5919780731201,296.56909561157227,0.03478431701660156,104.12059925703551,104.40718051930676,92.30310728404457,92.45588600258269,0.6121261101522606,0.7937260310180306,0.9724884668099858,0.8047757338738049,20.299617503441816,0.0,83.38559959276392,0.0,0.0
123,4100,True,True,,left,0.940212070941925,0.1282435655593872,0.940212070941925,0.9189351797103882,0,down,1,296.5865707397461,296.58633041381836,0.01723480224609375,104.06082384457774,104.23585525167282,92.23749958945788,92.33733389441514,0.5863585874977133,0.700521358895827,1.1005943927611515,0.9164928594261766,20.299617503441816,0.0,83.38559959276392,0.0,0.0
124,4133,True,True,,left,0.9420408010482788,0.1267363429069519,0.9420408010482788,0.9221001267433167,0,down,1,296.51899337768555,296.577112197876,-0.009218215942382812,103.9202362469961,104.16028323301984,92.10512278556934,92.27767350327721,0.5300373012219239,0.6610623054895228,1.0562836770729966,0.9977530517385531,20.299617503441816,0.0,83.38559959276392,0.0,0.0
125,4167,True,True,,left,0.9455244541168213,0.13472874462604523,0.9455244541168213,0.9267237186431885,0,down,1,296.89873695373535,296.6384582519531,0.06134605407714844,103.60560581268683,104.00736732082787,91.87365110279805,92.1828138715222,0.4238258941906281,0.5851288541904267,0.986873796598816,1.0356873099427968,20.299617503441816,0.0,83.38559959276392,0.0,0.0
126,4200,True,True,,left,0.9450126886367798,0.13276317715644836,0.9450126886367798,0.9276456832885742,0,down,1,296.89684867858887,296.6986255645752,0.06016731262207031,103.61102750944254,103.86365853414775,91.78599770100531,92.06107569257503,0.44264462105587654,0.5189985028236805,0.7801292058199752,0.9792739078125849,20.299617503441816,0.0,83.38559959276392,0.0,0.0
127,4233,True,True,,left,0.9454813003540039,0.13120196759700775,0.9454813003540039,0.9289969801902771,0,down,1,296.8953037261963,296.75929069519043,0.060665130615234375,103.62804253703291,103.76514719014722,91.8039355282961,91.96124134142534,0.46364284442151416,0.4893018496775312,1.1381526595058549,1.012406746351759,20.299617503441816,0.0,83.38559959276392,0.0,0.0
128,4267,True,True,,left,0.9444926381111145,0.1295342594385147,0.9444926381111145,0.927935004234314,0,down,1,296.74707412719727,296.79139137268066,0.032100677490234375,103.62982409878289,103.67894724098826,91.8556827519892,91.8848779739316,0.4097331081526363,0.4539767538085158,1.0550432265581355,1.0032965131111555,20.299617503441816,0.0,83.38559959276392,0.0,0.0
129,4300,True,True,,left,0.9449660181999207,0.12974783778190613,0.9449660181999207,0.9283050894737244,0,down,1,296.80026054382324,296.8476448059082,0.05625343322753906,103.44264555767202,103.58342910312345,91.73146560293648,91.81014653740503,0.28350326132186865,0.40466994582850474,0.8953040982001319,0.9711005973365827,20.299617503441816,0.0,83.38559959276392,0.0,0.0
130,4333,True,True,,left,0.9450704455375671,0.12619981169700623,0.9450704455375671,0.9297997355461121,0,down,1,296.81445121765137,296.8307876586914,-0.016857147216796875,103.60522937604847,103.58335381579575,91.728777672076,91.78117185126064,0.41827851723544995,0.4035604704374691,0.6463583385820081,0.902997505733221,20.299617503441816,0.0,83.38559959276392,0.0,0.0
131,4367,True,True,,left,0.9440519213676453,0.12838143110275269,0.9440519213676453,0.9280394911766052,0,down,1,296.84526443481445,296.8204708099365,-0.010316848754882812,103.59051663536167,103.5792516409796,91.7222911284714,91.76843053675384,0.4092536246045029,0.3968822711471944,1.162154853878888,0.9794026353450036,20.299617503441816,0.0,83.38559959276392,0.0,0.0
132,4400,True,True,,left,0.9454152584075928,0.12946753203868866,0.9454152584075928,0.930063784122467,0,down,1,296.83505058288574,296.8084201812744,-0.012050628662109375,103.55065723165775,103.56377457990456,91.65373962028555,91.73839135515172,0.4047149619324557,0.3850966946493827,1.3889105169673952,1.0295542068373118,20.299617503441816,0.0,83.38559959276392,0.0,0.0
133,4433,True,True,,left,0.9466997385025024,0.13092756271362305,0.9466997385025024,0.9320812225341797,0,down,1,296.73760414123535,296.80652618408203,-0.0018939971923828125,103.62231793514555,103.5622733471771,91.70391265961518,91.70803733667692,0.422019145923457,0.38755390220354685,1.5517248391769665,1.1288905293610778,20.299617503441816,0.0,83.38559959276392,0.0,0.0
134,4467,True,True,,left,0.9478375911712646,0.1319170743227005,0.9478375911712646,0.9332412481307983,0,down,1,296.6971206665039,296.78589820861816,-0.020627975463867188,103.57484896583546,103.58871402880978,91.70688334487944,91.70312088506552,0.36941097884687224,0.4047354457085476,1.6617289499175827,1.2821754997045682,20.299617503441816,0.0,83.38559959276392,0.0,0.0
135,4500,True,True,,left,0.9487938284873962,0.13269293308258057,0.9487938284873962,0.9343948364257812,0,down,1,296.6946601867676,296.7619400024414,-0.023958206176757812,103.45823442154284,103.55931503790866,91.63919028918671,91.68520340848765,0.313349702465473,0.3837496827545522,1.5868910524033573,1.4702820424688379,20.299617503441816,0.0,83.38559959276392,0.0,0.0
136,4533,True,True,,left,0.950380802154541,0.13569778203964233,0.950380802154541,0.936414361000061,0,down,1,296.65698051452637,296.7242832183838,-0.03765678405761719,103.47434121101077,103.53607995303847,91.64187400867182,91.66911998452774,0.3136637853212534,0.36463171489790225,1.537269620718069,1.545304995836674,20.299617503441816,0.0,83.38559959276392,0.0,0.0
137,4567,True,True,,left,0.9512429237365723,0.13805098831653595,0.9512429237365723,0.9370537996292114,0,down,1,296.61669731140137,296.6806125640869,-0.043670654296875,103.49416823486993,103.52478215368092,91.65456366478249,91.66928479342712,0.31841719299386284,0.3473721611101837,1.4468190418269256,1.5568867008085803,20.299617503441816,0.0,83.38559959276392,0.0,0.0
138,4600,True,True,,left,0.951688826084137,0.13841159641742706,0.951688826084137,0.9369316697120667,0,down,1,296.6234493255615,296.65778160095215,-0.022830963134765625,103.48860437377108,103.49803944140601,91.6585357383943,91.66020940918295,0.3157695496277739,0.3261222418510471,1.4260425924860538,1.5317502514703976,20.299617503441816,0.0,83.38559959276392,0.0,0.0
139,4633,True,True,,left,0.9526032209396362,0.13774842023849487,0.9526032209396362,0.9381833672523499,0,down,1,296.66476249694824,296.651309967041,-0.0064716339111328125,103.49393246226819,103.48185614069254,91.60967626937475,91.64076799408201,0.3696253989056828,0.3261651258628092,1.4994833552806546,1.499301132543012,20.299617503441816,0.0,83.38559959276392,0.0,0.0
140,4667,True,True,,left,0.9518972635269165,0.13854332268238068,0.9518972635269165,0.9373043775558472,0,down,1,296.68933868408203,296.6502456665039,-0.001064300537109375,103.70455230460726,103.53111971730546,91.71390772546071,91.65571148133682,0.4805494315104255,0.35960507167179967,1.884723425985879,1.5588676072595162,20.299617503441816,0.0,83.38559959276392,0.0,0.0
141,4700,True,True,,left,0.9500035643577576,0.13636881113052368,0.9500035643577576,0.9354543685913086,0,down,1,296.73686027526855,296.66622161865234,0.0159759521484375,103.82485792947138,103.60122306099758,91.72815959570706,91.67296859874386,0.6140084193756508,0.41967399848267917,2.327775857824837,1.7169688546808701,20.299617503441816,0.0,83.38559959276392,0.0,0.0
142,4733,True,True,,left,0.9510864019393921,0.13611681759357452,0.9510864019393921,0.9372057318687439,0,down,1,296.72475814819336,296.68783378601074,0.021612167358398438,103.95806571783342,103.69400255759027,91.7735739076037,91.6967706473081,0.7151292976955546,0.4990164194230175,2.566553504258366,1.940915747167158,20.299617503441816,0.0,83.38559959276392,0.0,0.0
143,4767,True,True,,left,0.9462405443191528,0.1305893510580063,0.9462405443191528,0.9340383410453796,0,down,1,296.72913551330566,296.70897102355957,0.021137237548828125,104.07277922036154,103.81083752690836,91.76615395282184,91.7182942901936,0.831791760002119,0.6022208614978866,2.5531032796694086,2.1663278846038287,20.299617503441816,0.0,83.38559959276392,0.0,0.0
144,4800,True,True,,left,0.946925699710846,0.1298345923423767,0.946925699710846,0.9350377321243286,0,down,1,296.7301082611084,296.7220401763916,0.01306915283203125,104.16427483732129,103.94490600191898,91.78644257835477,91.7536475519896,0.9151883108859096,0.7113334438939318,2.561810094775703,2.378793232502839,20.299617503441816,0.0,83.38559959276392,0.0,0.0
145,4833,True,True,,left,0.9467700719833374,0.1283886879682541,0.9467700719833374,0.9357601404190063,0,down,1,296.6547203063965,296.7151165008545,-0.006923675537109375,104.31080151527593,104.06615584405272,91.86656172444953,91.78417835178738,0.9779186210568866,0.8108072818032241,2.761311218151439,2.5541107909359506,20.299617503441816,0.0,83.38559959276392,0.0,0.0
146,4867,True,True,,left,0.9435619711875916,0.12514108419418335,0.9435619711875916,0.9325517416000366,0,down,1,296.6085433959961,296.689453125,-0.025663375854492188,104.44434538561414,104.19005333528125,91.92423542523615,91.82339351769319,1.0400648558050705,0.896018569089108,2.6528177977362817,2.6191191789182398,20.299617503441816,0.0,83.38559959276392,0.0,0.0
147,4900,True,True,,left,0.9399393200874329,0.12218932062387466,0.9399393200874329,0.9288139939308167,0,down,1,296.6100025177002,296.66650199890137,-0.022951126098632812,104.44767077072936,104.28797434586045,91.88054765728727,91.84478826762991,1.0643839888613655,0.9658695073222703,2.6225334759383916,2.630315173254245,20.299617503441816,0.0,83.38559959276392,0.0,0.0
148,4933,True,True,,left,0.9361736178398132,0.11960722506046295,0.9361736178398132,0.9243928790092468,0,down,1,296.5678882598877,296.6342525482178,-0.03224945068359375,104.64054272050826,104.4015270458898,91.92323800847022,91.87620507875957,1.2059337811984108,1.0406979115615287,2.4892423789175586,2.617542993103875,20.299617503441816,0.0,83.38559959276392,0.0,0.0
149,4967,True,True,,left,0.9290759563446045,0.1159951388835907,0.9290759563446045,0.915527880191803,0,down,1,296.4923286437988,296.58669662475586,-0.04755592346191406,104.71164364952627,104.5110008083308,92.02167814084916,91.92325219125846,1.213328149513785,1.1003258792871038,1.9883348060918251,2.502847935367099,20.299617503441816,0.0,83.38559959276392,0.0,0.0
150,5000,True,True,,left,0.9314698576927185,0.11689680814743042,0.9314698576927185,0.9174427390098572,0,down,1,296.51896476745605,296.5595455169678,-0.027151107788085938,105.50258104959185,104.74935671519397,92.17535860617593,91.98501156760373,1.8196237063952765,1.2686668963547816,2.144643510002324,2.379514393737276,20.299617503441816,0.0,83.38559959276392,0.0,0.0
151,5033,True,True,,left,0.9291344285011292,0.11413981020450592,0.9291344285011292,0.914563000202179,0,down,1,296.46071434020996,296.52997970581055,-0.029565811157226562,105.67504085425216,104.99549580892158,92.33705760335265,92.06757600322705,1.8402048942534321,1.428694904044454,1.8634071367707794,2.2216322615441757,20.299617503441816,0.0,83.38559959276392,0.0,0.0
152,5067,True,True,,left,0.928333580493927,0.11188353598117828,0.928333580493927,0.9122825264930725,0,down,1,296.3412666320801,296.4762325286865,-0.05374717712402344,105.780895178435,105.2621406904627,92.4078887444844,92.17304422066647,1.8520398036256012,1.5862260669973012,1.8497320351492617,2.06707197338635,20.299617503441816,0.0,83.38559959276392,0.0,0.0
153,5100,True,True,,left,0.9278683662414551,0.10966254025697708,0.9278683662414551,0.9118675589561462,0,down,1,296.51086807250977,296.46482849121094,-0.011404037475585938,105.76367201946022,105.48676655025311,92.41664234948813,92.27172508887006,1.8596697301962166,1.7169732567968623,1.0965479971714722,1.7885330970371325,20.299617503441816,0.0,83.38559959276392,0.0,0.0
154,5133,True,True,,left,0.92823725938797,0.1104954406619072,0.92823725938797,0.9110724925994873,0,down,1,296.08283042907715,296.3829288482666,-0.08189964294433594,106.07327993532407,105.75909380741265,92.71365384412266,92.41012022952475,1.8864061185928591,1.8515888506126772,1.44133567350656,1.6791332705200794,20.299617503441816,0.0,83.38559959276392,0.0,0.0
155,5167,True,True,,left,0.9269359707832336,0.10798253864049911,0.9269359707832336,0.9092819094657898,0,down,1,296.15612983703613,296.3103618621826,-0.07256698608398438,106.07324500830649,105.87322659915557,92.71308270587613,92.5176650494648,1.8873321089968158,1.8651305311329849,0.8823948764654539,1.4266835438127052,20.299617503441816,0.0,83.38559959276392,0.0,0.0
156,5200,True,True,,left,0.923831045627594,0.10600671917200089,0.923831045627594,0.9057924151420593,0,down,1,296.08174324035645,296.2345676422119,-0.07579421997070312,106.04261816226752,105.94674206075868,92.69172455132606,92.58859843905948,1.8683440372056879,1.870758359723436,0.9245731362597096,1.2389167437104915,20.299617503441816,0.0,83.38559959276392,0.0,0.0
157,5233,True,True,,left,0.919940173625946,0.10507042706012726,0.919940173625946,0.9023633003234863,0,down,1,295.9547424316406,296.157262802124,-0.07730484008789062,106.02065410537091,105.99469384614585,92.74702045054497,92.65642478027158,1.8084819361702387,1.8620467862323635,1.0491440809279626,1.0787991528662317,20.299617503441816,0.0,83.38559959276392,0.0,0.0
158,5267,True,True,,left,0.9186939597129822,0.10466855764389038,0.9186939597129822,0.9006293416023254,0,down,1,295.9314250946045,296.04137420654297,-0.11588859558105469,105.96681430505913,106.03532230326562,92.7787472939323,92.72884576916042,1.7514086004218399,1.8403945602774883,1.0571252151022799,1.0709145964523934,20.299617503441816,0.0,83.38559959276392,0.0,0.0
159,5300,True,True,,left,0.9201750755310059,0.10494693368673325,0.9201750755310059,0.9015437364578247,0,down,1,295.95428466796875,296.0156650543213,-0.025709152221679688,105.8229446464661,105.98525524549402,92.70054585007041,92.72622417034998,1.6916847838958375,1.801450293338084,1.0326444639618728,0.9891763545434558,20.299617503441816,0.0,83.38559959276392,0.0,0.0
160,5333,True,True,,left,0.9211931228637695,0.10785222798585892,0.9211931228637695,0.9032524228096008,0,down,1,295.96644401550293,295.97772789001465,-0.037937164306640625,105.4678872620955,105.86418369625183,92.49155855412951,92.68191934000065,1.5197415673372632,1.7279321850061735,0.8258010621819879,0.9778575916867626,20.299617503441816,0.0,83.38559959276392,0.0,0.0
161,5367,True,True,,left,0.9216489195823669,0.10887274146080017,0.9216489195823669,0.9045518636703491,0,down,1,295.9152317047119,295.94442558288574,-0.03330230712890625,105.45519307651266,105.74669867910086,92.45982283130084,92.6355389959956,1.520467094229673,1.6583567964109704,0.8335778963698565,0.9596585437087919,20.299617503441816,0.0,83.38559959276392,0.0,0.0
162,5400,True,True,,left,0.9247554540634155,0.10779032111167908,0.9247554540634155,0.9092874526977539,0,down,1,295.99782943725586,295.9530429840088,0.008617401123046875,105.42345912868407,105.62725968376351,92.55358127694403,92.59685116127542,1.5368431694573133,1.6040290430683855,0.9931064763709079,0.948451022797381,20.299617503441816,0.0,83.38559959276392,0.0,0.0
163,5433,True,True,,left,0.9276027679443359,0.11246280372142792,0.9276027679443359,0.9124361872673035,0,down,1,296.07799530029297,295.9823570251465,0.029314041137695312,105.19450134522226,105.47279709179614,92.4165645813774,92.52441461876444,1.4638061399504494,1.5465085509741072,1.0352298864157552,0.9440719570600761,20.299617503441816,0.0,83.38559959276392,0.0,0.0
164,5467,True,True,,left,0.930657148361206,0.11273008584976196,0.930657148361206,0.9162457585334778,0,down,1,296.08137130737305,296.00777435302734,0.025417327880859375,105.20384336778889,105.34897683606069,92.40433084033897,92.46517161681815,1.4753664707477014,1.50324488834448,1.2495012124276461,0.9874433067532309,20.299617503441816,0.0,83.38559959276392,0.0,0.0
165,5500,True,True,,left,0.932936429977417,0.11255477368831635,0.932936429977417,0.918398380279541,0,down,1,296.0598850250244,296.02646255493164,0.018688201904296875,105.68720109498831,105.39283960263921,92.76439670174385,92.519739246341,1.5826300802182232,1.515822590920672,1.3461586777768946,1.091514829872212,20.299617503441816,0.0,83.38559959276392,0.0,0.0
166,5533,True,True,,left,0.9338555932044983,0.11075280606746674,0.9338555932044983,0.919497013092041,0,down,1,296.1867141723633,296.0807590484619,0.05429649353027344,105.75218537973495,105.4522380632837,92.91791933814069,92.61135854770899,1.6387735439523823,1.5394838808652138,1.072220859471994,1.1392434224926395,20.299617503441816,0.0,83.38559959276392,0.0,0.0
167,5567,True,True,,left,0.9297987222671509,0.10883088409900665,0.9297987222671509,0.9145246744155884,0,down,1,296.1386775970459,296.1089286804199,0.028169631958007812,105.79500559520018,105.52654735658693,92.94705122951771,92.69005253822372,1.6656088719380193,1.5652370213613551,1.0417270955394033,1.1489675463263385,20.299617503441816,0.0,83.38559959276392,0.0,0.0
168,5600,True,True,,left,0.9290868043899536,0.1067778542637825,0.9290868043899536,0.9138391017913818,0,down,1,296.11138343811035,296.1156063079834,0.0066776275634765625,105.84256238217954,105.65615956397838,92.97688076193346,92.80211577433492,1.6913859294474776,1.6107529792607607,0.9922119063135364,1.1403639503058949,20.299617503441816,0.0,83.38559959276392,0.0,0.0
169,5633,True,True,,left,0.9269860982894897,0.10441671311855316,0.9269860982894897,0.9123724102973938,0,down,1,296.04626655578613,296.108585357666,-0.0070209503173828125,105.94108005600519,105.80360690162163,93.02945193632114,92.92713999353137,1.7431261906838245,1.6643049232479854,0.9490570754335149,1.0802751229070686,20.299617503441816,0.0,83.38559959276392,0.0,0.0
170,5667,True,True,,left,0.927604615688324,0.10221520811319351,0.927604615688324,0.9142406582832336,0,down,1,296.0500144958496,296.10661125183105,-0.0019741058349609375,106.07178959378832,105.88052460138165,93.08956685290725,92.99217402376405,1.850851764638449,1.7179492601320305,0.7886925942523636,0.9687819062021626,20.299617503441816,0.0,83.38559959276392,0.0,0.0
171,5700,True,True,,left,0.9289770126342773,0.10217348486185074,0.9289770126342773,0.9156824350357056,0,down,1,296.0248374938965,296.0742359161377,-0.032375335693359375,106.10439752845903,105.95096703112645,93.11887992689294,93.0323661415145,1.855380155670332,1.7612705824756205,0.7706694825160431,0.9084716308109723,20.299617503441816,0.0,83.38559959276392,0.0,0.0
172,5733,True,True,,left,0.9293156862258911,0.10111833363771439,0.9293156862258911,0.9149153828620911,0,down,1,295.99645614624023,296.04579162597656,-0.028444290161132812,106.19313229433241,106.0305923709529,93.13145411484551,93.06924671858005,1.9133023213731093,1.8108092723626386,1.2368577485348726,0.9474977614100661,20.299617503441816,0.0,83.38559959276392,0.0,0.0
173,5767,True,True,,left,0.929124116897583,0.09840787202119827,0.929124116897583,0.9152894616127014,0,down,1,295.9855842590332,296.02063179016113,-0.025159835815429688,106.4576909609452,106.15361808670602,93.36667747997298,93.14720606218796,2.0202269750784154,1.876577481488826,1.2518143843414518,0.9994182570156491,20.299617503441816,0.0,83.38559959276392,0.0,0.0
174,5800,True,True,,left,0.9276044964790344,0.09724365919828415,0.9276044964790344,0.9137710928916931,0,down,1,295.9840679168701,296.00819206237793,-0.012439727783203125,106.43986706321218,106.25337548814744,93.35150329649267,93.21161633422227,2.0307826358681496,1.934108770525691,1.2738254224785617,1.0643719264246587,20.299617503441816,0.0,83.38559959276392,0.0,0.0
175,5833,True,True,,left,0.9233673810958862,0.09571488946676254,0.9233673810958862,0.910146176815033,0,down,1,295.9977722167969,295.9977436065674,-0.010448455810546875,106.39319282643173,106.3176561346761,93.33401714818747,93.2605063932783,2.0129691243615184,1.966532242470305,1.4419729955274898,1.1950280066796837,20.299617503441816,0.0,83.38559959276392,0.0,0.0
176,5867,True,True,,left,0.9255557656288147,0.10005709528923035,0.9255557656288147,0.9119100570678711,0,down,1,295.9878444671631,295.9903450012207,-0.0073986053466796875,106.41677648145682,106.38013192527566,93.37007851621844,93.3107461111434,2.012349280830307,1.9979260675022998,2.0662347704628883,1.4541410642690529,20.299617503441816,0.0,83.38559959276392,0.0,0.0
177,5900,True,True,,left,0.9244874715805054,0.09854625165462494,0.9244874715805054,0.9117223024368286,0,down,1,295.9904479980469,295.98914337158203,-0.001201629638671875,106.41501764329377,106.42450899506794,93.36197594898749,93.3568504779718,2.0356774802876743,2.022401099285213,1.9403919275613672,1.5948479000743516,20.299617503441816,0.0,83.38559959276392,0.0,0.0
178,5933,True,True,,left,0.9270154237747192,0.09954451024532318,0.9270154237747192,0.9141355752944946,0,down,1,295.999174118042,295.9918613433838,0.0027179718017578125,106.49402921611536,106.43177664610198,93.35951047755215,93.35541707748764,2.101503048741037,2.038656314017737,1.8953878648990616,1.7235625961858738,20.299617503441816,0.0,83.38559959276392,0.0,0.0
179,5967,True,True,,left,0.9272977113723755,0.10074431449174881,0.9272977113723755,0.9128482341766357,0,down,1,295.99534034729004,295.9941158294678,0.002254486083984375,106.48102798805107,106.44000883106976,93.37855965053416,93.36082834829594,2.0856225674637727,2.0496243003368617,1.8741479988311744,1.8436271114563965,20.299617503441816,0.0,83.38559959276392,0.0,0.0
180,6000,True,True,,left,0.9257344603538513,0.09918991476297379,0.9257344603538513,0.911450982093811,0,down,1,295.9941101074219,295.9933834075928,-0.000732421875,106.41310826478919,106.44399191874125,93.30622024652199,93.35526896796284,2.0670265715066733,2.0604357897658927,1.9623900914489183,1.9477105306406823,20.299617503441816,0.0,83.38559959276392,0.0,0.0
181,6033,True,True,,left,0.9252311587333679,0.09935539960861206,0.9252311587333679,0.9107432961463928,0,down,1,296.0105895996094,295.99793243408203,0.0045490264892578125,106.3856312390352,106.43776287025692,93.27808457420826,93.3368701795608,2.0533255815140166,2.068631049902635,2.193589873021166,1.9731815511523376,20.299617503441816,0.0,83.38559959276392,0.0,0.0
182,6067,True,True,,left,0.9241655468940735,0.09890057891607285,0.9241655468940735,0.9086560606956482,0,down,1,296.11687660217285,296.0232181549072,0.025285720825195312,106.27565321603475,106.40988998480512,93.19576315791802,93.30362762134692,2.0138246300790428,2.0642604798609083,2.1817128096633978,2.0214457275727433,20.299617503441816,0.0,83.38559959276392,0.0,0.0
183,6100,True,True,,left,0.9225264191627502,0.09770426154136658,0.9225264191627502,0.9057334065437317,0,down,1,296.1445713043213,296.0522975921631,0.029079437255859375,106.21611740298574,106.3543076221792,93.16967267563516,93.26566006096353,1.977210954119414,2.0394020609365837,2.130047504712392,2.06837765553541,20.299617503441816,0.0,83.38559959276392,0.0,0.0
184,6133,True,True,,left,0.9243549108505249,0.0990050658583641,0.9243549108505249,0.9068241715431213,0,down,1,296.24834060668945,296.10289764404297,0.05060005187988281,106.06158584339008,106.270419193247,93.09263732084224,93.20847559502513,1.8727772565738547,1.9968329987586002,2.2678551586206233,2.1471190874932993,20.299617503441816,0.0,83.38559959276392,0.0,0.0
185,6167,True,True,,left,0.9259212017059326,0.0989706963300705,0.9259212017059326,0.9084709882736206,0,down,1,296.29886627197266,296.1638488769531,0.06095123291015625,105.93275812975955,106.17434916624106,93.04309126394104,93.15584979850895,1.788091796608029,1.9410460437788715,2.447302770938534,2.2441016233912228,20.299617503441816,0.0,83.38559959276392,0.0,0.0
186,6200,True,True,,left,0.9271700382232666,0.100752092897892,0.9271700382232666,0.9087554812431335,0,down,1,296.35889053344727,296.2335090637207,0.06966018676757812,105.67667860215742,106.0325586388655,92.84071512649057,93.06837590896541,1.631757084780773,1.8567323444322228,2.6278021858653933,2.330944085960068,20.299617503441816,0.0,83.38559959276392,0.0,0.0
187,6233,True,True,,left,0.9283990859985352,0.10158051550388336,0.9283990859985352,0.9090293049812317,0,down,1,296.2949752807617,296.2691287994385,0.03561973571777344,105.58679655242672,105.89478730614391,92.85133470602989,92.99949021858778,1.533223842339865,1.7606121868843871,2.5227195143619086,2.3991454268997705,20.299617503441816,0.0,83.38559959276392,0.0,0.0
188,6267,True,True,,left,0.9312934279441833,0.10691172629594803,0.9312934279441833,0.9116895198822021,0,down,1,296.47547721862793,296.3353099822998,0.06618118286132812,105.36716127231432,105.72499608000962,92.48545433791733,92.86264655104421,1.4411393750310992,1.653397871066724,2.2075450402691503,2.414644934011122,20.299617503441816,0.0,83.38559959276392,0.0,0.0
189,6300,True,True,,left,0.9340394735336304,0.10773356258869171,0.9340394735336304,0.9155644774436951,0,down,1,296.4279842376709,296.3712387084961,0.03592872619628906,105.35263519795545,105.58320595092269,92.42948795218207,92.73001667731216,1.4134789774528826,1.5615382152425297,2.301361138462167,2.4213461299794306,20.299617503441816,0.0,83.38559959276392,0.0,0.0
190,6333,True,True,,left,0.9362950921058655,0.11145298182964325,0.9362950921058655,0.9178240895271301,0,down,1,296.4448928833008,296.4004440307617,0.029205322265625,105.23437959235383,105.44353024344154,92.23997896651703,92.56939421782738,1.3504012242224093,1.4740001007654058,2.3303852706633803,2.3979626299243995,20.299617503441816,0.0,83.38559959276392,0.0,0.0
191,6367,True,True,,left,0.9388355016708374,0.1127488762140274,0.9388355016708374,0.920676052570343,0,down,1,296.3833522796631,296.4053363800049,0.0048923492431640625,105.26819781197108,105.36183408540428,92.27165862000177,92.45558291652962,1.345749848074334,1.416798653424118,2.35906399291548,2.3442149913344172,20.299617503441816,0.0,83.38559959276392,0.0,0.0
192,6400,True,True,,left,0.9389288425445557,0.11279844492673874,0.9389288425445557,0.9201002717018127,0,down,1,296.436824798584,296.43370628356934,0.028369903564453125,105.2737040016311,105.29921557524517,92.29618377722046,92.34455273076773,1.354091510255671,1.3809721870072793,2.36124945317425,2.311920979096885,20.299617503441816,0.0,83.38559959276392,0.0,0.0
193,6433,True,True,,left,0.9418801665306091,0.1137951910495758,0.9418801665306091,0.9234005212783813,0,down,1,296.45044326782227,296.4286994934082,-0.0050067901611328125,105.49957185255424,105.32569769129316,92.4785453733251,92.3431709378493,1.3799200830418101,1.3687283286094214,2.4663975271219805,2.3636914764674515,20.299617503441816,0.0,83.38559959276392,0.0,0.0
194,6467,True,True,,left,0.9415332674980164,0.11502837389707565,0.9415332674980164,0.922092616558075,0,down,1,296.3938236236572,296.42186737060547,-0.006832122802734375,105.38398569012926,105.3319677897279,92.42382622483088,92.34203859237905,1.3506100763818978,1.3561545483952244,2.168282007339293,2.337075650242877,20.299617503441816,0.0,83.38559959276392,0.0,0.0
195,6500,True,True,,left,0.9419547319412231,0.11685669422149658,0.9419547319412231,0.9214441776275635,0,down,1,296.400146484375,296.4129180908203,-0.00894927978515625,105.32320513247883,105.34973289775292,92.3712185415126,92.36828650737816,1.3268127791990594,1.3514368593905544,2.1126719662515083,2.2935329893605023,20.299617503441816,0.0,83.38559959276392,0.0,0.0
196,6533,True,True,,left,0.9431959390640259,0.11822157353162766,0.9431959390640259,0.9228174090385437,0,down,1,296.42045974731445,296.4203395843506,0.0074214935302734375,105.08615874409037,105.31332508417677,92.33862059196244,92.3816789017703,1.1474201911925803,1.3117709280142038,2.233663576662829,2.2684529061099723,20.299617503441816,0.0,83.38559959276392,0.0,0.0
197,6567,True,True,,left,0.946288526058197,0.11875739693641663,0.946288526058197,0.9273642301559448,0,down,1,296.4105033874512,296.415075302124,-0.0052642822265625,105.50220369071329,105.35902502199319,92.41006144255834,92.40445443483789,1.4693653602545709,1.3348256980139837,2.2465822191047984,2.245519459296082,20.299617503441816,0.0,83.38559959276392,0.0,0.0
198,6600,True,True,,left,0.9467281103134155,0.11868007481098175,0.9467281103134155,0.928501307964325,0,down,1,296.53295516967773,296.4315776824951,0.01650238037109375,105.19023029835068,105.29715671115248,92.29443914592092,92.36763318935705,1.3037586543843105,1.3195934122824837,2.507650080650754,2.2537699700018363,20.299617503441816,0.0,83.38559959276392,0.0,0.0
199,6633,True,True,,left,0.9483868479728699,0.11717686057090759,0.9483868479728699,0.93133145570755,0,down,1,296.51458740234375,296.4557304382324,0.024152755737304688,105.10721239068481,105.2418020512636,92.24649188628763,92.33216632164839,1.243391100959002,1.2981496171979046,2.414899209437022,2.3030934104213823,20.299617503441816,0.0,83.38559959276392,0.0,0.0
200,6667,True,True,,left,0.9495044350624084,0.12124679982662201,0.9495044350624084,0.9326487183570862,0,down,1,296.458683013916,296.4674377441406,0.011707305908203125,105.06599749465978,105.1903605236998,92.23536367618003,92.30499534858187,1.1922818057471574,1.2712434225075242,2.1938026355118287,2.3193195442734464,20.299617503441816,0.0,83.38559959276392,0.0,0.0
201,6700,True,True,,left,0.9510056376457214,0.12506318092346191,0.9510056376457214,0.9348498582839966,0,down,1,296.46297454833984,296.4759407043457,0.008502960205078125,104.96063841730998,105.16525645834369,92.19882874020847,92.27703697823108,1.1010713005087496,1.261973644370758,2.322714930005836,2.337129814942048,20.299617503441816,0.0,83.38559959276392,0.0,0.0
202,6733,True,True,,left,0.9531089067459106,0.12561044096946716,0.9531089067459106,0.9380649328231812,0,down,1,296.2990665435791,296.4536533355713,-0.022287368774414062,104.99377623361077,105.06357096692321,92.33299517349208,92.26162372441783,1.0368214208797326,1.1754648564957904,2.4732306524915293,2.382459501619394,20.299617503441816,0.0,83.38559959276392,0.0,0.0
203,6767,True,True,,left,0.9540615677833557,0.12695835530757904,0.9540615677833557,0.9389809966087341,0,down,1,296.30395889282227,296.4078540802002,-0.04579925537109375,104.80492121907879,104.98650915106882,92.30052715320845,92.26284132587533,0.8676556140872407,1.0882442484363763,2.4411915802311586,2.3691678015354745,20.299617503441816,0.0,83.38559959276392,0.0,0.0
204,6800,True,True,,left,0.9555419683456421,0.12891645729541779,0.9555419683456421,0.9412987232208252,0,down,1,296.30364418029785,296.365665435791,-0.04218864440917969,104.64529237934356,104.89412514880057,92.17328456749235,92.24819986211628,0.8245315774423432,1.0044723437330447,2.327899081542705,2.3517677759566116,20.299617503441816,0.0,83.38559959276392,0.0,0.0
205,6833,True,True,,left,0.9548835754394531,0.12853553891181946,0.9548835754394531,0.940686821937561,0,down,1,296.2254238128662,296.31901359558105,-0.04665184020996094,104.69221962190592,104.8193695742498,92.21660519928652,92.24444816673756,0.8276476280143754,0.9315455081864883,2.3027395617673494,2.373555161207716,20.299617503441816,0.0,83.38559959276392,0.0,0.0
206,6867,True,True,,left,0.9556214213371277,0.1309487372636795,0.9556214213371277,0.9407516717910767,0,down,1,296.2123775482178,296.26889419555664,-0.05011940002441406,104.64612352065532,104.75646659491888,92.25859940627163,92.2564022999502,0.7694712323807522,0.8652254945608888,2.2453072371779306,2.358073622642135,20.299617503441816,0.0,83.38559959276392,0.0,0.0
207,6900,True,True,,left,0.9569743871688843,0.13122572004795074,0.9569743871688843,0.9432641267776489,0,down,1,296.0827445983887,296.22562980651855,-0.04326438903808594,104.64082471724515,104.68587629164577,92.30458703994539,92.25072067324086,0.6977397627651953,0.7974091629379814,2.1803383440303126,2.299495160949891,20.299617503441816,0.0,83.38559959276392,0.0,0.0
208,6933,True,True,,left,0.9573397636413574,0.13200998306274414,0.9573397636413574,0.9437013864517212,0,down,1,296.0820007324219,296.1812381744385,-0.044391632080078125,104.58499498675772,104.64189104518155,92.29044274744842,92.24870379208886,0.6376531104025958,0.7514086622010524,2.130845571482971,2.237425959200254,20.299617503441816,0.0,83.38559959276392,0.0,0.0
209,6967,True,True,,left,0.9578709602355957,0.13025909662246704,0.9578709602355957,0.9452442526817322,0,down,1,295.99674224853516,296.11985778808594,-0.06138038635253906,104.67820293757222,104.64847315682728,92.37323506019248,92.28869389062888,0.6596012189280032,0.7184225904981844,1.9639070775213463,2.164627558395982,20.299617503441816,0.0,83.38559959276392,0.0,0.0
210,7000,True,True,,left,0.9573370218276978,0.1286916434764862,0.9573370218276978,0.9446050524711609,0,down,1,296.0303592681885,296.0808448791504,-0.039012908935546875,104.66977040098674,104.64398331264343,92.4285223614308,92.33107732305774,0.6462019803528278,0.6821334609658749,2.090845498515097,2.1222487457455315,20.299617503441816,0.0,83.38559959276392,0.0,0.0
211,7033,True,True,,left,0.9577049016952515,0.1290748417377472,0.9577049016952515,0.9450969696044922,0,down,1,295.9426689147949,296.0269031524658,-0.05394172668457031,104.66342196075048,104.64744300066248,92.42580431988574,92.36451830578056,0.626318504032298,0.653502915296184,2.092582512729653,2.0917038008558757,20.299617503441816,0.0,83.38559959276392,0.0,0.0
212,7067,True,True,,left,0.9585535526275635,0.12972722947597504,0.9585535526275635,0.9454560875892639,0,down,1,296.02938652038574,296.01623153686523,-0.010671615600585938,104.56338304639637,104.6319546664927,92.44114584009986,92.39183006581146,0.5391044844034667,0.6217758596238383,2.104611899069253,2.076558511863664,20.299617503441816,0.0,83.38559959276392,0.0,0.0
213,7100,True,True,,left,0.9600381851196289,0.1340710073709488,0.9600381851196289,0.9474508762359619,0,down,1,295.9990882873535,295.99964904785156,-0.016582489013671875,104.47059131377348,104.60907393189586,92.33651408176242,92.40104433267426,0.5123046174376782,0.5967061610308548,2.052463530465028,2.0608821036600755,20.299617503441816,0.0,83.38559959276392,0.0,0.0
214,7133,True,True,,left,0.960749089717865,0.13618236780166626,0.960749089717865,0.9481409788131714,0,down,1,295.9171485900879,295.9837303161621,-0.015918731689453125,104.40251350174503,104.55393604473042,92.378648149611,92.40212695055796,0.4005855382698513,0.5449030248992244,1.9099454567146292,2.050089779498732,20.299617503441816,0.0,83.38559959276392,0.0,0.0
215,7167,True,True,,left,0.9618592858314514,0.13743020594120026,0.9618592858314514,0.9486328959465027,0,down,1,295.97886085510254,295.9734306335449,-0.0102996826171875,104.4413028867144,104.50824254187596,92.47037392850777,92.41049726397337,0.38395589778009764,0.4924538083846784,1.8449669126020771,2.000914062316128,20.299617503441816,0.0,83.38559959276392,0.0,0.0
216,7200,True,True,,left,0.9633747935295105,0.14523155987262726,0.9633747935295105,0.9500730633735657,0,down,1,295.989933013916,295.98288345336914,0.00945281982421875,104.42319824260584,104.46019779824704,92.42205366483124,92.40974713296247,0.3794150396182516,0.4430731155018691,1.6503760639526646,1.9124727725607304,20.299617503441816,0.0,83.38559959276392,0.0,0.0
217,7233,True,True,,left,0.9642982482910156,0.1463242769241333,0.9642982482910156,0.9507540464401245,0,down,1,295.9915351867676,295.9753131866455,-0.0075702667236328125,104.35031166651073,104.4175835222699,92.45619337157687,92.41275663925786,0.2910021150101585,0.3934526416232075,1.6224934849066688,1.8160490897282133,20.299617503441816,0.0,83.38559959276392,0.0,0.0
218,7267,True,True,,left,0.965165376663208,0.1486050933599472,0.965165376663208,0.9511816501617432,0,down,1,295.9903335571289,295.9735622406006,-0.001750946044921875,104.26863942731357,104.3771931449779,92.52605258348406,92.45066433960218,0.17690611067179418,0.32637294027003066,1.6425790555064481,1.7340721947364977,20.299617503441816,0.0,83.38559959276392,0.0,0.0
219,7300,True,True,,left,0.9658728241920471,0.15123210847377777,0.9658728241920471,0.9515897631645203,0,down,1,295.9906482696533,295.9882621765137,0.014699935913085938,104.20637137250405,104.33796471912972,92.54636314329916,92.48420733833981,0.11743849708894061,0.2697435320338485,1.6297887227824142,1.6780408479500548,20.299617503441816,0.0,83.38559959276392,0.0,0.0
220,7333,True,True,,left,0.9668713808059692,0.15421786904335022,0.9668713808059692,0.9525109529495239,0,down,1,295.9728813171387,295.9870662689209,-0.0011959075927734375,104.19018254870122,104.28774065152709,92.55865802447556,92.50186415753339,0.09530793480804789,0.21201393943943855,1.6259603358833083,1.6342395326063006,20.299617503441816,0.0,83.38559959276392,0.0,0.0
221,7367,True,True,,left,0.9674445390701294,0.15565380454063416,0.9674445390701294,0.9530710577964783,0,down,1,295.99931716918945,295.9889430999756,0.0018768310546875,104.18918980225826,104.24093896345758,92.59257291626274,92.53596800781968,0.08524175517312926,0.15317928255041408,1.6054325810440575,1.6252508360245794,20.299617503441816,0.0,83.38559959276392,0.0,0.0
222,7400,True,True,,left,0.9679281711578369,0.1573985368013382,0.9679281711578369,0.9534710645675659,0,down,1,295.9987449645996,295.990385055542,0.00144195556640625,104.17062244494814,104.20500111914505,92.59824211271969,92.56437775604823,0.06480668026027558,0.10794019560043751,1.6189039608825047,1.6245329312197465,20.299617503441816,0.0,83.38559959276392,0.0,0.0
223,7433,True,True,,left,0.9683710932731628,0.15957540273666382,0.9683710932731628,0.9535201191902161,0,down,1,296.05138778686523,296.00259590148926,0.012210845947265625,104.1247361989581,104.17622047347398,92.65663774340082,92.59049478803159,0.02622278426400726,0.07780353031888013,1.6349506907706117,1.6230072582725792,20.299617503441816,0.0,83.38559959276392,0.0,0.0
224,7467,True,True,,left,0.9691697359085083,0.1638496369123459,0.9691697359085083,0.9550297856330872,0,down,1,295.98172187805176,296.00081062316895,-0.0017852783203125,104.0930730177536,104.15356080252386,92.63598807245015,92.60841977386178,0.015364394581141028,0.05738870981732021,1.4681308649989504,1.5906756867158864,20.299617503441816,0.0,83.38559959276392,0.0,0.0
225,7500,True,True,,left,0.9703643918037415,0.16905304789543152,0.9703643918037415,0.9565564393997192,0,down,1,296.1178493499756,296.0298042297363,0.028993606567382812,103.79078298096185,104.07368088897597,92.55728489059608,92.60814514708588,0.22594626711718035,0.0835163762791467,1.4439546122626343,1.5542745419917516,20.299617503441816,0.0,83.38559959276392,0.0,0.0
226,7533,True,True,,left,0.9698989391326904,0.16673722863197327,0.9698989391326904,0.9563584327697754,0,down,1,296.1613082885742,296.0622024536133,0.032398223876953125,103.40503491896152,103.91684991231664,92.43666405048434,92.57696337393021,0.46184548774454015,0.15883712279342888,1.2469759448224935,1.482583214747439,20.299617503441816,0.0,83.38559959276392,0.0,0.0
227,7567,True,True,,left,0.96992027759552,0.16348490118980408,0.96992027759552,0.9567346572875977,0,down,1,296.43327713012695,296.14910888671875,0.08690643310546875,102.6363330599072,103.60999203530847,92.41097360798102,92.53950967298248,1.0364772380473397,0.3531712343508417,0.8457637342372509,1.3279551694183882,20.299617503441816,0.0,83.38559959276392,0.0,0.0
228,7600,True,True,,left,0.9711734652519226,0.16142109036445618,0.9711734652519226,0.9592803120613098,0,down,1,296.559534072876,296.2507381439209,0.10162925720214844,101.68248113234168,103.12154102198517,92.41934369041725,92.49205086238577,1.8616145083332327,0.7202495791646868,1.6648557934552783,1.3339361899553217,20.299617503441816,0.0,83.38559959276392,0.0,0.0
229,7633,True,True,,left,0.972821831703186,0.1570521593093872,0.972821831703186,0.961909830570221,0,down,1,296.3144016265869,296.31727409362793,0.06653594970703125,100.05396440158223,102.3137192987509,92.98187894592522,92.56122903708078,3.645565365004913,1.446289773249441,1.4466010333561705,1.3296302236267654,20.299617503441816,0.0,83.38559959276392,0.0,0.0
230,7667,True,True,,left,0.9747586250305176,0.15723775327205658,0.9747586250305176,0.9645821452140808,0,down,1,296.21180534362793,296.3360652923584,0.01879119873046875,98.36049138111129,101.22766097878078,93.41812291717363,92.73339664239629,5.59883433509323,2.520867386844651,1.0080385223551729,1.2424470056452734,20.299617503441816,0.0,83.38559959276392,0.0,0.0
231,7700,True,True,,left,0.9769018292427063,0.1623348593711853,0.9769018292427063,0.9674003720283508,0,down,1,295.4567813873291,296.1951599121094,-0.14090538024902344,96.85996652805214,99.9186473005989,94.14792055247918,93.07564794279524,7.715924536198656,3.971683196535474,0.03886193277260645,1.0008242032352959,20.299617503441816,0.0,83.38559959276392,0.0,0.0
232,7733,True,True,,left,0.9784372448921204,0.16052395105361938,0.9784372448921204,0.9691842198371887,0,down,1,294.9956703186035,295.9076385498047,-0.2875213623046875,94.19346842243685,98.23007437310484,94.09780725630576,93.4130146724602,10.42555826197733,5.849499401321472,0.124262382701694,0.8565239329281844,20.299617503441816,0.0,83.38559959276392,0.0,0.0
233,7767,True,True,,left,0.9800012707710266,0.15716470777988434,0.9800012707710266,0.9709864854812622,0,down,1,294.82086181640625,295.55990409851074,-0.3477344512939453,90.68992518760018,96.03156318415654,94.06265152345573,93.7416762390679,14.077971591811064,8.292770818017038,0.4656501756293656,0.616682809363002,20.299617503441816,0.0,83.38559959276392,0.0,0.0
234,7800,True,True,,left,0.98126220703125,0.14955347776412964,0.98126220703125,0.972002387046814,0,down,1,294.39977645874023,295.1769790649414,-0.38292503356933594,88.5997225719946,93.74071481823901,94.78113292566492,94.10152703501583,16.976980226359984,10.959053790288053,0.6225024329942006,0.451863089290608,20.299617503441816,0.0,83.38559959276392,0.0,0.0
235,7833,True,True,,left,0.981243908405304,0.1463494598865509,0.981243908405304,0.9710044860839844,0,down,1,292.3400402069092,294.40262603759766,-0.77435302734375,86.7546631303971,91.41954916809618,95.91045434653029,94.59999332088717,20.047693338225457,13.848825590914497,0.7832727907941136,0.4069099429783961,20.299617503441816,0.0,83.38559959276392,0.0,0.0
236,7867,True,True,,left,0.9826512932777405,0.14858020842075348,0.9826512932777405,0.9728407859802246,0,down,1,292.08306312561035,293.7278823852539,-0.67474365234375,85.70073172969637,89.18770220842502,96.33952411391112,95.03831403317356,22.219500287594073,16.74954074119358,1.4348361578152273,0.6861047879869202,20.299617503441816,0.0,83.38559959276392,0.0,0.0
237,7900,True,True,,left,0.9839319586753845,0.16089776158332825,0.9839319586753845,0.9739797711372375,0,down,1,291.9408702850342,293.11692237854004,-0.6109600067138672,84.69716289248326,87.2884411024343,96.2070275016328,95.46015808223898,24.239940368345984,19.51241716246731,1.0654914188413398,0.8743505952148494,20.299617503441816,0.0,83.38559959276392,0.0,0.0
238,7933,True,True,,left,0.9852151274681091,0.1810505986213684,0.9852151274681091,0.9752135872840881,0,down,1,292.001895904541,292.553129196167,-0.5637931823730469,83.22930056594967,85.7963161781042,95.84835030344603,95.81729783823702,26.426371613427676,21.982097166790634,0.5725572092314304,0.8957320019352624,21.982097166790634,0.0,77.27554186797086,0.0,0.0
239,7967,True,True,,left,0.9865795373916626,0.2123817503452301,0.9865795373916626,0.9770432114601135,0,down,1,291.13231658935547,291.89963722229004,-0.6534919738769531,83.28122697301133,84.73261705830754,95.83545292471369,96.02816183804678,27.220751011573086,24.030851323833254,1.0729254937834125,0.9858166140931047,24.030851323833254,0.0,69.83532940292135,0.0,0.0
240,8000,True,True,,left,0.9877262115478516,0.232132226228714,0.9877262115478516,0.9783897995948792,0,down1,1,287.07109451293945,290.8458480834961,-1.0537891387939453,85.36584909115075,84.45485425045828,97.65857652810658,96.37778627436205,27.669689140852505,25.555250484358663,0.5569138080766352,0.9405448175496091,25.555250484358663,0.0,64.29935350417117,0.0,0.0
241,8033,True,True,,left,0.9887372255325317,0.24262194335460663,0.9887372255325317,0.9797327518463135,0,down1,1,281.9321537017822,288.81566619873047,-2.030181884765625,90.56894526288926,85.42849695709684,100.11864772518794,97.13361099661742,26.057109277298657,26.32277228229958,1.0544573273132132,0.8644690514492062,26.32277228229958,0.0,61.51203750112258,0.0,0.0
242,8067,True,True,,left,0.9894731640815735,0.2482381910085678,0.9894731640815735,0.9800301790237427,0,down1,1,275.5209445953369,285.531681060791,-3.283985137939453,94.27555688997626,87.34417575659546,103.59376619188106,98.61095873466705,26.254581045515984,26.725700417733577,1.10520520469469,0.8724118086198762,26.32277228229958,0.0,61.51203750112258,0.0,0.0
243,8100,True,True,,left,0.9894895553588867,0.2421005219221115,0.9894895553588867,0.9790351986885071,0,down1,1,271.3198471069336,281.39527130126953,-4.136409759521484,99.63238237266478,90.62479211793848,106.09585499092731,100.66045967216331,24.059558520046977,26.252337799057443,0.8979043125589466,0.9374812292853795,26.32277228229958,0.0,61.51203750112258,0.0,0.0
244,8133,True,True,,left,0.9885284900665283,0.22690419852733612,0.9885284900665283,0.9774105548858643,0,down1,1,262.6578426361084,275.7003765106201,-5.694894790649414,104.42378430285957,94.85330358390812,110.3746744257605,103.56830397237268,23.730898525025793,25.55436730174798,1.0710148511459887,0.9370991007578947,26.32277228229958,0.0,61.51203750112258,0.0,0.0
245,8167,True,True,,left,0.9874891638755798,0.21166083216667175,0.9874891638755798,0.9762460589408875,0,down2,1,254.97920036315918,269.28199768066406,-6.418378829956055,109.9654597166326,99.77322570900449,114.8454091138279,107.00567048951696,22.640747840918678,24.54857904176122,1.9036013292098044,1.2064366049845288,26.32277228229958,0.0,61.51203750112258,0.0,0.0
246,8200,True,True,,left,0.9813326001167297,0.19603413343429565,0.9813326001167297,0.9707658290863037,0,down2,1,244.61620330810547,261.8188076019287,-7.463190078735352,117.07425658855684,105.07428797413802,121.1065106076414,111.20324306600762,21.35075983850379,23.607309154002245,1.617095068927581,1.3189641533074021,26.32277228229958,0.0,61.51203750112258,0.0,0.0
247,8233,True,True,,left,0.973699152469635,0.1819007396697998,0.973699152469635,0.9663882851600647,0,down2,1,237.66732215881348,254.24808311462402,-7.5707244873046875,126.1641788093252,111.4520123580078,127.642600102442,116.01300984811982,18.33108394562666,22.02260973402438,1.5400052012206087,1.4059241526125859,26.32277228229958,0.0,61.51203750112258,0.0,0.0
248,8267,True,True,,left,0.9645084142684937,0.17001447081565857,0.9645084142684937,0.9530981779098511,0,down2,1,228.1468963623047,245.61349296569824,-8.634590148925781,133.92716861381857,118.31096960623856,135.80582163168182,121.95500317627072,16.901479504831016,20.59099393098119,1.196937426891412,1.4657307754790792,26.32277228229958,0.0,61.51203750112258,0.0,0.0
249,8300,True,True,,left,0.960426390171051,0.16100749373435974,0.960426390171051,0.9463582038879395,0,down2,1,220.0475263595581,237.09142971038818,-8.522063255310059,145.65731841456292,126.55767642857923,146.2989695499419,129.139862201107,13.167081408701762,18.478230507716383,1.6154198195071714,1.5746117691513155,26.32277228229958,0.0,61.51203750112258,0.0,0.0
250,8333,True,True,,left,0.9551346898078918,0.15387360751628876,0.9551346898078918,0.9397258162498474,0,down2,1,213.4086799621582,228.777325630188,-8.314104080200195,154.95650969363547,135.55588642397979,157.43229629710058,137.65723963776156,11.0934063401683,16.168762207566306,2.1493177904549094,1.6237550614003369,26.32277228229958,0.0,61.51203750112258,0.0,0.0
251,8367,True,True,,left,0.9516507387161255,0.14975200593471527,0.9516507387161255,0.9371254444122314,0,down2,1,207.7342414855957,221.40093326568604,-7.376392364501953,164.14722646007505,144.97048039828343,166.2805787318472,146.69205326260268,8.153526610283194,13.529315561922186,3.7870289434788202,2.0577418363105844,26.32277228229958,0.0,61.51203750112258,0.0,0.0
252,8400,True,True,,left,0.9482438564300537,0.14582335948944092,0.9482438564300537,0.9350019693374634,0,down2,1,202.2661542892456,214.32069969177246,-7.080233573913574,171.21089328886998,153.9798232941924,173.20078254736669,155.80368975158763,5.8449240669178835,11.03208358618043,4.945973604339194,2.7389355169343013,26.32277228229958,0.0,61.51203750112258,0.0,0.0
253,8433,True,True,,left,0.9416183829307556,0.13892978429794312,0.9416183829307556,0.9276314377784729,0,down2,1,197.0747423171997,208.10626888275146,-6.214430809020996,172.50873371552026,161.69613631453274,174.60423142749408,163.56337171075006,5.305055197187059,8.71279872465164,8.314846062422994,4.162517244040617,26.32277228229958,0.0,61.51203750112258,0.0,0.0
254,8467,True,True,,left,0.9389538764953613,0.13664735853672028,0.9389538764953613,0.9248477816581726,0,down2,1,191.15685939788818,202.32813549041748,-5.778133392333984,172.1531407272345,166.99530077706706,175.37913296640608,169.37940439404292,4.926605037350029,7.064703450381293,13.048216178870597,6.449076515913303,26.32277228229958,0.0,61.51203750112258,0.0,0.0
255,8500,True,True,,left,0.910528302192688,0.1258944422006607,0.910528302192688,0.8982203006744385,0,down2,1,184.25106525421143,196.49661254882812,-5.8315229415893555,173.38078206868315,170.6801552520766,177.47015032656705,173.38697519993622,4.077360008049766,5.661494183957586,19.6309946212248,9.945411882067281,26.32277228229958,0.0,61.51203750112258,0.0,0.0
256,8533,True,True,,left,0.8809969425201416,0.11742181330919266,0.8809969425201416,0.8716137409210205,0,down2,1,182.14186191558838,191.37813663482666,-5.118475914001465,176.3764744254577,173.12600484515312,178.51825842034813,175.8345111376364,2.2631593254514684,4.483420726991241,28.07129267222976,14.80226462781747,26.32277228229958,0.0,61.51203750112258,0.0,0.0
257,8567,True,True,,left,0.8614847660064697,0.11069095134735107,0.8614847660064697,0.8591502904891968,0,down2,1,181.0927677154541,187.14345932006836,-4.234677314758301,176.6550106071676,174.21482830881263,177.1187944613924,176.61811352044157,1.3802602443417555,3.5904879624760158,31.000175130655002,20.013104933080633,26.32277228229958,0.0,61.51203750112258,0.0,0.0
258,8600,True,True,,left,0.821628749370575,0.10137458145618439,0.821628749370575,0.8320289254188538,0,down2,1,180.22111415863037,183.7727336883545,-3.370725631713867,174.90591705427298,174.69426497656318,173.50520442569345,176.39830812008145,1.0456491416578046,2.7386067513701646,35.12770770177996,25.375677260952024,26.32277228229958,0.0,61.51203750112258,0.0,0.0
259,8633,True,True,,left,0.7645363807678223,0.09211385250091553,0.7645363807678223,0.7904084324836731,0,up,2,181.18178844451904,181.77771949768066,-1.9950141906738281,174.6915384641202,175.2019445239403,171.56907709913463,175.63629694662714,0.31942679598776635,1.8171711030977122,35.09028048208404,29.784090121594716,26.32277228229958,29.784090121594716,61.51203750112258,82.91148043518109,72.21175896815183
260,8667,True,True,,left,0.7167060971260071,0.08396242558956146,0.7167060971260071,0.7533577680587769,0,up,2,182.47740268707275,181.42298698425293,-0.3547325134277344,172.59933992857196,175.0456560959181,168.8079084484551,173.90384857100474,0.8307426378925555,1.16784762906627,33.473582238517395,32.55260764505323,26.32277228229958,32.55260764505323,61.51203750112258,92.8198589401905,77.16594822065653
261,8700,True,True,,left,0.6899549961090088,0.07797729223966599,0.6899549961090088,0.7333449721336365,0,up,2,183.56802463531494,181.70821952819824,0.2852325439453125,171.9928418752764,174.16892958588184,167.53187770186463,171.70657242730803,0.7109181247919736,0.8573993889343712,35.61078622001333,34.06050635460995,26.32277228229958,34.06050635460995,61.51203750112258,98.21654905860403,79.8642932798633
262,8733,True,True,,left,0.6649959087371826,0.07254160195589066,0.6649959087371826,0.7141607403755188,0,up,2,185.02100944519043,182.4938678741455,0.7856483459472656,170.91544370614915,173.02101620567814,165.97982500636536,169.47877853630263,0.8209421627997813,0.7455357726259763,36.243838454341635,35.10923901934727,26.32277228229958,35.10923901934727,61.51203750112258,100.0,80.75601875056128
263,8767,True,True,,left,0.6501041054725647,0.06787069886922836,0.6501041054725647,0.7023268938064575,0,up,2,185.7501983642578,183.599684715271,1.1058168411254883,172.0294502767517,172.44572285017392,166.34256776523767,168.04625120421147,0.17657510554059286,0.5717209654025339,35.54252611423691,35.19220270183867,26.32277228229958,35.19220270183867,61.51203750112258,100.0,80.75601875056128
264,8800,True,True,,left,0.644413948059082,0.06353655457496643,0.644413948059082,0.6977323293685913,0,up,2,184.8200225830078,184.32733154296875,0.7276468276977539,172.12498323594048,171.93241180453794,166.34201190708924,167.0008381658024,0.023012084232078678,0.5124380230513964,35.98249991054079,35.37064658753001,26.32277228229958,35.37064658753001,61.51203750112258,100.0,80.75601875056128
265,8833,True,True,,left,0.6096338629722595,0.05833321064710617,0.6096338629722595,0.6710911393165588,0,up,2,185.29403686523438,184.89065837860107,0.5633268356323242,174.21462091501775,172.2554680018271,167.97088551671766,166.83343357945492,0.826850503492409,0.511659596171367,35.890929887534824,35.854116117333504,26.32277228229958,35.854116117333504,61.51203750112258,100.0,80.75601875056128
266,8867,True,True,,left,0.5873938202857971,0.05405350774526596,0.5873938202857971,0.6545063257217407,0,up,2,185.8033847808838,185.33773040771484,0.44707202911376953,176.13585929371953,173.08407148551572,168.6149611764349,167.05005027436897,1.7757114491515154,0.7246182610432754,36.03932975647492,35.93982482462581,26.32277228229958,35.93982482462581,61.51203750112258,100.0,80.75601875056128
267,8900,True,True,,left,0.567118227481842,0.04998515546321869,0.567118227481842,0.6367332339286804,0,up,2,186.68197631835938,185.66992378234863,0.33219337463378906,176.940870122899,174.28915676886567,169.0441887141038,167.66292301591665,2.2463665797673116,1.0097031444367814,36.26653636606806,35.944364406971104,26.32277228229958,35.944364406971104,61.51203750112258,100.0,80.75601875056128
268,8933,True,True,,left,0.590811550617218,0.05066382512450218,0.590811550617218,0.6487011313438416,0,up,2,186.64050579071045,185.84798526763916,0.17806148529052734,177.15678486031516,175.3146236855784,169.20841883306676,168.2360932294825,2.467888206154754,1.4679657645596138,35.63537270979848,35.96293372608342,26.32277228229958,35.96293372608342,61.51203750112258,100.0,80.75601875056128
269,8967,True,True,,left,0.6185983419418335,0.05331187695264816,0.6185983419418335,0.6634535193443298,0,up,2,185.88046073913574,186.06007289886475,0.21208763122558594,176.73394344970032,176.23641572833034,169.0935288293029,168.7863966139252,2.2946079374122235,1.9222849351956426,35.255008024050966,35.81743534878545,26.32277228229958,35.96293372608342,61.51203750112258,100.0,80.75601875056128
270,9000,True,True,,left,0.6157216429710388,0.05053320899605751,0.6157216429710388,0.6621099710464478,0,up,2,186.01159572601318,186.2035846710205,0.14351177215576172,176.79236831961555,176.7519652092499,168.85137154876995,168.96249382033565,2.4741664597124498,2.251748126439651,35.49398438139695,35.738046247557875,26.32277228229958,35.96293372608342,61.51203750112258,100.0,80.75601875056128
271,9033,True,True,,left,0.6054099202156067,0.04828508198261261,0.6054099202156067,0.6534134149551392,0,up,2,186.87262058258057,186.41743183135986,0.21384716033935547,176.66589970943363,176.85797329239273,168.71427138204822,168.9823558614583,2.4769890276444215,2.3920036421382322,37.184229241704216,35.967026144603736,26.32277228229958,35.967026144603736,61.51203750112258,100.0,80.75601875056128
272,9067,True,True,,left,0.6192979216575623,0.04755844920873642,0.6192979216575623,0.6594483852386475,0,up,2,186.33320331573486,186.34767723083496,-0.06975460052490234,176.4707453059268,176.76394832899828,168.62460077676073,168.8984382739897,2.3860053206239087,2.4199313903095514,36.37148145466832,35.988015162323784,26.32277228229958,35.988015162323784,61.51203750112258,100.0,80.75601875056128
273,9100,True,True,,left,0.6235238313674927,0.04588886350393295,0.6235238313674927,0.659497857093811,0,up,2,186.36187076568604,186.29195022583008,-0.05572700500488281,176.21292099619248,176.57517555617375,168.41107760959144,168.73897002929465,2.3523983920099454,2.3968334274805896,36.24269229396731,36.10947907915755,26.32277228229958,36.10947907915755,61.51203750112258,100.0,80.75601875056128
274,9133,True,True,,left,0.6165932416915894,0.04429611936211586,0.6165932416915894,0.6517769694328308,0,up,2,186.63501262664795,186.44286060333252,0.1509103775024414,174.83709260706402,176.1958053876465,167.60120672776168,168.4405056089864,1.9131135029587512,2.3205345405898954,34.55925998230079,35.97032947080752,26.32277228229958,36.10947907915755,61.51203750112258,100.0,80.75601875056128
275,9167,True,True,,left,0.6233686804771423,0.04400591552257538,0.6233686804771423,0.6546518802642822,0,up,2,186.2266731262207,186.48587608337402,0.043015480041503906,174.2696131795283,175.69125435962906,167.744405910994,168.2191124814312,1.6312501752001225,2.15195128368743,34.46650271987638,35.764833138503406,26.32277228229958,36.10947907915755,61.51203750112258,100.0,80.75601875056128
276,9200,True,True,,left,0.6205356121063232,0.042391397058963776,0.6205356121063232,0.6491696238517761,0,up,2,186.24601364135742,186.3605546951294,-0.1253213882446289,173.70967159306355,175.10000873635505,167.5724497992644,167.99074816487445,1.3199380849369078,1.9205410951459272,31.78999013949002,34.68598531806056,26.32277228229958,36.10947907915755,61.51203750112258,100.0,80.75601875056128
277,9233,True,True,,left,0.6230838894844055,0.042259108275175095,0.6230838894844055,0.648602306842804,0,up,2,186.27845764160156,186.34960556030273,-0.010949134826660156,173.0146042416293,174.40878052349552,167.35460412774665,167.73674883507164,0.9801658426324309,1.6393731995476315,30.58968367837942,33.52962576280278,26.32277228229958,36.10947907915755,61.51203750112258,100.0,80.75601875056128
278,9267,True,True,,left,0.6268114447593689,0.041853126138448715,0.6268114447593689,0.6500164866447449,0,up,2,186.2361717224121,186.32446575164795,-0.025139808654785156,173.04236195844393,173.77466871594584,167.60652152667205,167.57583761848775,0.8623373615499048,1.3413609934556234,27.472323605987082,31.775552025206736,26.32277228229958,36.10947907915755,61.51203750112258,100.0,80.75601875056128
279,9300,True,True,,left,0.6317759156227112,0.04088104888796806,0.6317759156227112,0.6541641354560852,0,up,2,186.2540102005005,186.24826526641846,-0.07620048522949219,171.36614671614433,173.0804795377619,167.15170790439637,167.4859378538147,0.057829604860415884,0.9703042138359563,21.07596229595037,29.078892487936656,26.32277228229958,36.10947907915755,61.51203750112258,100.0,80.75601875056128
280,9333,True,True,,left,0.6236287951469421,0.038672491908073425,0.6236287951469421,0.6525730490684509,0,up,2,187.30974197387695,186.4648790359497,0.21661376953125,170.03561850127866,172.23368060211197,167.4153024185963,167.42011715533516,1.1437561162894667,0.8728054020538252,15.451841137324164,25.275960171426213,26.32277228229958,36.10947907915755,61.51203750112258,100.0,80.75601875056128
281,9367,True,True,,left,0.6185078024864197,0.0369926318526268,0.6185078024864197,0.6503672003746033,0,up,2,189.80389595031738,187.1764554977417,0.7115764617919922,168.72452539985596,171.23665136347046,166.72632644467186,167.25089248441662,2.227549742621761,1.054327733590796,12.313149936787491,21.38059213088571,26.32277228229958,36.10947907915755,61.51203750112258,100.0,80.75601875056128
282,9400,True,True,,left,0.6451435089111328,0.03873555734753609,0.6451435089111328,0.6722182035446167,0,up,2,194.03237342834473,188.72723865509033,1.5507831573486328,169.58558236721322,170.55084698858724,167.75650110303283,167.3312718794739,2.5374395296969112,1.3657824710036919,7.641759760657733,16.79100734734137,26.32277228229958,36.10947907915755,61.51203750112258,100.0,80.75601875056128
283,9433,True,True,,left,0.6696938276290894,0.039859507232904434,0.6696938276290894,0.6925904154777527,0,up,2,198.68727207183838,191.2174587249756,2.490220069885254,169.44331710700655,169.83103801829975,167.46338514845522,167.30264460383052,3.16002131135987,1.825319260965685,2.8538742006908016,11.867317466282113,26.32277228229958,36.10947907915755,61.51203750112258,100.0,80.75601875056128
284,9467,True,True,,left,0.6951332092285156,0.044013988226652145,0.6951332092285156,0.7149748206138611,0,up,2,202.40926265716553,194.4485092163086,3.231050491333008,166.30624456277116,168.81905758762508,167.47137559550777,167.3665781420528,5.531291352451547,2.920011610483911,0.9978374291935869,7.8516924929307566,26.32277228229958,36.10947907915755,61.51203750112258,100.0,80.75601875056128
285,9500,True,True,,left,0.7181336879730225,0.04848085716366768,0.7181336879730225,0.735912561416626,0,up,2,203.14427375793457,197.61541557312012,3.1669063568115234,166.63318007857043,168.13856990308346,168.51380838381715,167.58627933509698,5.79581276276636,3.85042293977929,0.7810048527838023,4.917525236022683,26.32277228229958,36.10947907915755,61.51203750112258,100.0,80.75601875056128
286,9533,True,True,,left,0.7337409853935242,0.04936593025922775,0.7337409853935242,0.7526996731758118,0,up,2,207.60778427124023,201.1761932373047,3.5607776641845703,164.98801520738934,167.39126786459013,168.0403200965186,167.8490780654663,6.644566173922044,4.733826226039346,0.8572545805741072,2.626346164780006,26.32277228229958,36.10947907915755,61.51203750112258,100.0,80.75601875056128
287,9567,True,True,,left,0.7449390888214111,0.05106251314282417,0.7449390888214111,0.7644787430763245,0,up,2,217.61971950531006,205.89366245269775,4.717469215393066,156.93518377273452,164.86118814569437,163.70765644727703,167.03930913431515,10.356043131911036,6.297546946482171,1.1917296325671278,1.3363401391618852,26.32277228229958,36.10947907915755,61.51203750112258,100.0,80.75601875056128
288,9600,True,True,,left,0.7603739500045776,0.05069182068109512,0.7603739500045776,0.781257688999176,0,up,2,220.66404819488525,210.28901767730713,4.395355224609375,147.11433215151098,160.3953911545953,156.35376510028343,164.8173851246808,14.16739046318051,8.499020776846299,1.947416361334995,1.155048571290724,26.32277228229958,36.10947907915755,61.51203750112258,100.0,80.75601875056128
289,9633,True,True,,left,0.7731540203094482,0.05090796947479248,0.7731540203094482,0.7948297262191772,0,up,2,228.54753971099854,215.51667308807373,5.227655410766602,135.8671133620384,154.30756491444873,148.23102100845378,160.96931420727,18.15694287953319,11.024151082262629,2.3279079965644165,1.4210626847648897,26.32277228229958,36.10947907915755,61.51203750112258,100.0,80.75601875056128
290,9667,True,True,,left,0.7756848931312561,0.04884808883070946,0.7756848931312561,0.8035750985145569,0,up,2,236.66743755340576,222.22130584716797,6.704632759094238,126.19626633842286,146.22018216641922,141.0106065290858,155.46867383632375,20.835806347044496,14.032149799118255,2.0674024377539135,1.678342201758912,26.32277228229958,36.10947907915755,61.51203750112258,100.0,80.75601875056128
291,9700,True,True,,left,0.7954953908920288,0.055703070014715195,0.7954953908920288,0.8203493356704712,0,up,2,245.74533462524414,229.84881591796875,7.627510070800781,115.7145388602741,136.36548689699617,131.3358571248092,148.12778124198186,23.396360742630208,17.382508712859888,3.0928126730568093,2.1254538202554523,26.32277228229958,36.10947907915755,61.51203750112258,100.0,80.75601875056128
292,9733,True,True,,left,0.8144024610519409,0.062246378511190414,0.8144024610519409,0.8362435698509216,0,up,2,254.48063850402832,237.2209997177124,7.372183799743652,109.27394925596555,126.83323999364238,125.22718183219004,140.43168631896444,24.219617007431438,20.15522348796397,3.619894333313369,2.6110867604047003,26.32277228229958,36.10947907915755,61.51203750112258,100.0,80.75601875056128
293,9767,True,True,,left,0.8321422338485718,0.07041481137275696,0.8321422338485718,0.8513408899307251,0,up,2,262.4717617034912,245.5825424194336,8.361542701721191,102.67127045926117,117.94462765519242,117.97375880068226,132.7556850590442,24.594142916996745,22.240573978727216,4.371203048269082,3.095844097791518,26.32277228229958,36.10947907915755,61.51203750112258,100.0,80.75601875056128
294,9800,True,True,,left,0.847993791103363,0.07691428065299988,0.847993791103363,0.8641708493232727,0,up,2,269.273157119751,253.72766590118408,8.145123481750488,98.11219495909496,110.39364397460372,112.26256080887883,125.56199301912923,24.210249586964366,23.45123532021345,4.879077959814397,3.606078090441514,26.32277228229958,36.10947907915755,61.51203750112258,100.0,80.75601875056128
295,9833,True,True,,left,0.8617357015609741,0.08811555802822113,0.8617357015609741,0.873158872127533,0,up,2,275.4854106903076,261.49126052856445,7.763594627380371,92.12334260822384,103.57905922856392,107.16269866748944,118.79241144680995,25.040573310399722,24.292188712884496,5.374816695001101,4.2675609418909515,26.32277228229958,36.10947907915755,61.51203750112258,100.0,80.75601875056128
296,9867,True,True,,left,0.8744129538536072,0.10221674293279648,0.8744129538536072,0.8822381496429443,0,up,2,276.8004512786865,267.70228385925293,6.211023330688477,93.65583523478554,99.1673185034662,107.2841543527039,113.9820708923889,23.64560070900052,24.34203670615856,5.256398194006828,4.700278046080955,26.32277228229958,36.10947907915755,61.51203750112258,100.0,80.75601875056128
297,9900,True,True,,left,0.885424017906189,0.10495370626449585,0.885424017906189,0.8893868923187256,0,up,2,279.5395088195801,272.7140579223633,5.011774063110352,91.68623452990587,95.64977555825426,105.09570019255828,109.95577456446253,23.446741429244923,24.187461590521256,5.822244847031558,5.140748148824594,26.32277228229958,36.10947907915755,61.51203750112258,100.0,80.75601875056128
298,9933,True,True,,left,0.8960981369018555,0.11621279269456863,0.8960981369018555,0.897856593132019,0,up,2,285.532808303833,277.32626724243164,4.612209320068359,92.48452943265839,93.61242735293372,102.37266540485791,106.83555588529767,19.99272046583421,23.267177100288748,5.540532266393128,5.374613992449403,26.32277228229958,36.10947907915755,61.51203750112258,100.0,80.75601875056128
299,9967,True,True,,left,0.9018609523773193,0.11235693842172623,0.9018609523773193,0.8960720300674438,0,up,2,291.3050365447998,281.7326431274414,4.406375885009766,93.96854150516403,92.78369666214753,98.54671680689687,104.09238708490128,14.599984919199528,21.34512416673578,5.301507262792149,5.459099853044953,26.32277228229958,36.10947907915755,61.51203750112258,100.0,80.75601875056128
300,10000,True,True,,left,0.9075156450271606,0.10683012008666992,0.9075156450271606,0.8958213329315186,0,up,2,293.1285095214844,285.26126289367676,3.5286197662353516,93.75868048947348,93.11076423839746,97.21046559617014,102.10194047063742,12.852175606386155,18.907444625933067,3.8669799246663334,5.157532498978,26.32277228229958,36.10947907915755,61.51203750112258,100.0,80.75601875056128
301,10033,True,True,,left,0.9096654057502747,0.10546278953552246,0.9096654057502747,0.8901366591453552,0,down,2,290.42407035827637,287.9859867095947,2.7247238159179688,95.3870451437789,93.45700622019612,99.1878366918392,100.4826769384645,12.102085405897412,16.598741565312444,3.4493221082599637,4.796117281828626,16.598741565312444,0.0,96.82562273649691,0.0,0.0
302,10067,True,True,,left,0.9139583110809326,0.10327427834272385,0.9139583110809326,0.8936973214149475,0,down,2,289.41081047058105,289.9602470397949,1.9742603302001953,96.05225205034824,94.3302097242846,99.93879810211106,99.45129652037504,11.326175346045233,14.174628348672508,3.4071577048237787,4.313099853387071,16.598741565312444,0.0,96.82562273649691,0.0,0.0
303,10100,True,True,,left,0.9190350770950317,0.10429462790489197,0.9190350770950317,0.8982749581336975,0,down,2,288.82965087890625,290.61961555480957,0.6593685150146484,97.34305864518305,95.30191556678953,100.6667850913425,99.11012045767195,9.948682563287647,12.165820768163195,3.3547836006298755,3.8759501202344198,16.598741565312444,0.0,96.82562273649691,0.0,0.0
304,10133,True,True,,left,0.9211711287498474,0.10144398361444473,0.9211711287498474,0.8948155045509338,0,down,2,290.8184337615967,290.52229499816895,-0.097320556640625,98.21988433950258,96.15218413365724,99.99195892145904,99.3991688805844,8.11902044714968,10.869627873753226,3.158424492626327,3.447333566201256,16.598741565312444,0.0,96.82562273649691,0.0,0.0
305,10167,True,True,,left,0.9231387972831726,0.10049578547477722,0.9231387972831726,0.8882924318313599,0,down,2,293.1675624847412,290.5301055908203,0.0078105926513671875,98.66506657166488,97.13346135009553,98.56175904041152,99.66942756943266,6.323858259608116,9.563964404397618,2.9182466271811807,3.2575869067042253,16.598741565312444,0.0,96.82562273649691,0.0,0.0
306,10200,True,True,,left,0.9233033657073975,0.0970354825258255,0.9233033657073975,0.8831251263618469,0,down,2,292.11270332336426,290.8678321838379,0.3377265930175781,100.47345498847982,98.15074331903573,99.09398386725493,99.65065700451582,5.25576914774858,8.194701152767852,2.537989572283248,3.0753203995088816,16.598741565312444,0.0,96.82562273649691,0.0,0.0
307,10233,True,True,,left,0.9273252487182617,0.10072564333677292,0.9273252487182617,0.8873680233955383,0,down,2,293.0027103424072,291.5862121582031,0.7183799743652344,101.10670763797147,99.16163443656036,98.45250844782795,99.35339907365918,4.161561595976096,6.7617784027540235,2.7193150749524473,2.9377518735346158,16.598741565312444,0.0,96.82562273649691,0.0,0.0
308,10267,True,True,,left,0.9266548156738281,0.10052963346242905,0.9266548156738281,0.8879783749580383,0,down,2,293.73607635498047,292.56749725341797,0.9812850952148438,101.96461614738772,100.0859459370013,97.81717823811393,98.78347770301346,2.8769040002409128,5.347422690144677,3.2355592472102894,2.9139070028506984,16.598741565312444,0.0,96.82562273649691,0.0,0.0
309,10300,True,True,,left,0.922573447227478,0.09756447374820709,0.922573447227478,0.8863455057144165,0,down,2,293.55485916137695,293.114782333374,0.5472850799560547,103.91834750903921,101.22563857090861,98.03296129210298,98.39167817714227,1.1723246233572837,3.958083525386198,3.379408155043518,2.9581037353341366,16.598741565312444,0.0,96.82562273649691,0.0,0.0
310,10333,True,True,,left,0.9244224429130554,0.09645173698663712,0.9244224429130554,0.8885754346847534,0,down,2,293.4876537322998,293.17880058288574,0.06401824951171875,105.86509253971475,102.66564376451859,98.30895451014976,98.34111727108991,0.5915868947435143,2.8116292524132773,3.3625320003796437,3.0469608099738297,16.598741565312444,0.0,96.82562273649691,0.0,0.0
311,10367,True,True,,left,0.9180154800415039,0.09968707710504532,0.9180154800415039,0.8791887164115906,0,down,2,293.3701229095459,293.43028450012207,0.2514839172363281,107.09235583903885,103.9894239346304,98.50177734432208,98.22267596650335,1.6971134985004142,2.099898122563644,3.350466157382364,3.209456126993653,16.598741565312444,0.0,96.82562273649691,0.0,0.0
312,10400,True,True,,left,0.9122931957244873,0.09903856366872787,0.9122931957244873,0.8734581470489502,0,down,2,293.653621673584,293.5604667663574,0.13018226623535156,106.96619094796435,105.16132059662898,98.33236292427829,98.1986468617934,1.7499189380487081,1.6175695909781667,3.364735800867588,3.338540272176681,16.598741565312444,0.0,96.82562273649691,0.0,0.0
313,10433,True,True,,left,0.9147717952728271,0.10110277682542801,0.9147717952728271,0.8764345049858093,0,down,2,293.9853572845459,293.6103229522705,0.04985618591308594,107.12323645298275,106.19304465774799,98.10047270973921,98.25530575611847,1.9970804241225153,1.441604875754487,3.5060305458319974,3.3926345319010225,16.598741565312444,0.0,96.82562273649691,0.0,0.0
314,10467,True,True,,left,0.9163069725036621,0.10636410862207413,0.9163069725036621,0.877745509147644,0,down,2,294.12471771240234,293.7242946624756,0.11397171020507812,107.36286900866872,106.88194895767387,98.1702969766413,98.28277289302613,2.147740877008374,1.6366881264847053,3.396517805420567,3.396056461976432,16.598741565312444,0.0,96.82562273649691,0.0,0.0
315,10500,True,True,,left,0.9115560054779053,0.10505827516317368,0.9115560054779053,0.8730255365371704,0,down,2,294.2241954803467,293.87160301208496,0.147308349609375,107.47419780747079,107.2037700112251,98.16528804324346,98.25403959964487,2.228846688563223,1.964140085248647,3.118211712861769,3.3471924044728576,16.598741565312444,0.0,96.82562273649691,0.0,0.0
316,10533,True,True,,left,0.909392237663269,0.10796427726745605,0.909392237663269,0.8700714707374573,0,down,2,294.32470321655273,294.0625190734863,0.1909160614013672,107.42703535426216,107.27070591426975,98.15013311564165,98.18371075390878,2.1805649931977484,2.060830384188114,2.9772526470716474,3.2725497024107133,16.598741565312444,0.0,96.82562273649691,0.0,0.0
317,10567,True,True,,left,0.9037625193595886,0.1081874817609787,0.9037625193595886,0.8643376231193542,0,down,2,294.27629470825195,294.1870536804199,0.12453460693359375,107.33063078755856,107.34359388218859,97.93405810128725,98.10404978931057,2.1171986851176,2.1342863336018922,2.7114721736707987,3.141896976971356,16.598741565312444,0.0,96.82562273649691,0.0,0.0
318,10600,True,True,,left,0.9039520025253296,0.11322624236345291,0.9039520025253296,0.8646873831748962,0,down,2,294.5318412780762,294.296350479126,0.10929679870605469,107.05276039862343,107.32949867131674,97.76514131236155,98.03698350983504,1.9950558212837564,2.1338814130341404,2.7931993018275874,2.9993307281704737,16.598741565312444,0.0,96.82562273649691,0.0,0.0
319,10633,True,True,,left,0.898638904094696,0.11118591576814651,0.898638904094696,0.8584873676300049,0,down,2,294.4628047943115,294.3639678955078,0.06761741638183594,106.91261961043756,107.2394487916705,97.46206677370488,97.89533746924775,1.9266738441876328,2.089668006469992,2.609013036311449,2.8418297743486507,16.598741565312444,0.0,96.82562273649691,0.0,0.0
320,10667,True,True,,left,0.8920727372169495,0.11089165508747101,0.8920727372169495,0.851048469543457,0,down,2,294.5547866821289,294.43008613586426,0.06611824035644531,106.80506237685174,107.1056217055467,97.4265163974542,97.7475831400899,1.8626289815724135,2.01642446507183,2.514150440113651,2.7210175197990267,16.598741565312444,0.0,96.82562273649691,0.0,0.0
321,10700,True,True,,left,0.88517165184021,0.10845022648572922,0.88517165184021,0.8440776467323303,0,down,2,294.51693534851074,294.46853256225586,0.03844642639160156,106.84192947305799,106.98860052930586,97.42739716678349,97.60303595031826,1.85472148559127,1.9512557635505345,2.291551638496233,2.583877318083944,16.598741565312444,0.0,96.82562273649691,0.0,0.0
322,10733,True,True,,left,0.8830618858337402,0.10770788043737411,0.8830618858337402,0.8425341844558716,0,down,2,294.7445869445801,294.5621910095215,0.093658447265625,106.55968073404703,106.83441051860355,97.0913495271132,97.43449423548347,1.8272337554197975,1.893262777610974,2.314651893843624,2.504513262118509,16.598741565312444,0.0,96.82562273649691,0.0,0.0
323,10767,True,True,,left,0.8776553273200989,0.10702385753393173,0.8776553273200989,0.8350120186805725,0,down,2,294.7514533996582,294.6061134338379,0.04392242431640625,106.52626512754625,106.72911146438813,96.93403799776938,97.26827357256504,1.7905271350967666,1.852357040373576,2.1908320078080985,2.384039803314611,16.598741565312444,0.0,96.82562273649691,0.0,0.0
324,10800,True,True,,left,0.8778467774391174,0.10622457414865494,0.8778467774391174,0.8347107172012329,0,down,2,294.7400379180908,294.66156005859375,0.055446624755859375,106.60299653299222,106.66718684889906,96.70204672088376,97.11626956200081,1.8946227328539038,1.8459468181068304,1.9658813088335252,2.255413457819026,16.598741565312444,0.0,96.82562273649691,0.0,0.0
325,10833,True,True,,left,0.8764888048171997,0.10501998662948608,0.8764888048171997,0.8334179520606995,0,down,2,294.72784996032715,294.6961727142334,0.03461265563964844,106.86050687420324,106.67827574836936,96.8279050748328,96.99654729747652,2.1280700235300145,1.8990350264983504,1.7432418503237286,2.1012317398610416,16.598741565312444,0.0,96.82562273649691,0.0,0.0
326,10867,True,True,,left,0.8783829212188721,0.10548587888479233,0.8783829212188721,0.8352517485618591,0,down,2,294.7253894805908,294.7378635406494,0.041690826416015625,107.17160235748884,106.74421032525552,97.07666379491627,96.92640062310309,2.3560093749440085,1.999292604368898,1.5000591944727812,1.9429332510563515,16.598741565312444,0.0,96.82562273649691,0.0,0.0
327,10900,True,True,,left,0.8805056810379028,0.1048642173409462,0.8805056810379028,0.8383496999740601,0,down,2,294.7954845428467,294.74804306030273,0.010179519653320312,107.26413362684409,106.88510090381492,97.23777874638431,96.9556864669573,2.4392926215851674,2.121704377601972,1.2003666139305798,1.7200761950737427,16.598741565312444,0.0,96.82562273649691,0.0,0.0
328,10933,True,True,,left,0.8828871846199036,0.10450822114944458,0.8828871846199036,0.8412157297134399,0,down,2,294.8683834075928,294.77142906188965,0.023386001586914062,107.30898136089665,107.04164415048498,97.31429424606587,97.0317377166166,2.4987470373674654,2.263348358056112,1.0737219743802808,1.4966541883881792,16.598741565312444,0.0,96.82562273649691,0.0,0.0
329,10967,True,True,,left,0.8829018473625183,0.10198117792606354,0.8829018473625183,0.8415467739105225,0,down,2,295.0893974304199,294.84130096435547,0.06987190246582031,107.1983579478052,107.1607164334476,97.22395691267543,97.13611975497494,2.4948182910871424,2.3833874697027597,1.0515719530446825,1.3137923172304107,16.598741565312444,0.0,96.82562273649691,0.0,0.0
330,11000,True,True,,left,0.885391116142273,0.10079089552164078,0.885391116142273,0.8445518016815186,0,down,2,295.38439750671387,294.9726104736328,0.13130950927734375,107.04896528124208,107.19840811485537,97.0591746685716,97.1823736737227,2.4958417914358932,2.4569418232839353,1.0556676332677501,1.176277473819215,16.598741565312444,0.0,96.82562273649691,0.0,0.0
331,11033,True,True,,left,0.8855176568031311,0.09827447682619095,0.8855176568031311,0.844895601272583,0,down,2,295.4227924346924,295.1120910644531,0.1394805908203125,107.02821511676697,107.169730666711,97.0378384675184,97.17460860824312,2.498842121906293,2.4855083726763922,1.0346199166602015,1.0831896182566987,16.598741565312444,0.0,96.82562273649691,0.0,0.0
332,11067,True,True,,left,0.8853128552436829,0.09653365612030029,0.8853128552436829,0.8446874022483826,0,down,2,295.51703453063965,295.2564010620117,0.14430999755859375,106.93859208307403,107.10462235795698,96.98276133319564,97.1236051256054,2.4684866715377183,2.4913471826669022,1.001761157297195,1.043468526930022,16.598741565312444,0.0,96.82562273649691,0.0,0.0
333,11100,True,True,,left,0.8867602944374084,0.09473150968551636,0.8867602944374084,0.846108078956604,0,down,2,295.52327156066895,295.38737869262695,0.13097763061523438,106.79518642862398,107.00186337150244,96.64368520632345,96.98948331765692,2.4249779917200414,2.4765933735374177,1.478838401567865,1.124491812367539,16.598741565312444,0.0,96.82562273649691,0.0,0.0
334,11133,True,True,,left,0.8885176181793213,0.09235839545726776,0.8885176181793213,0.8483104705810547,0,down,2,295.4962348937988,295.46874618530273,0.08136749267578125,106.65425612870436,106.89304300768228,96.54402113165274,96.85349616145237,2.3991630460934346,2.457462324538676,1.336790171141907,1.181535455986984,16.598741565312444,0.0,96.82562273649691,0.0,0.0
335,11167,True,True,,left,0.8878220915794373,0.09032619744539261,0.8878220915794373,0.8486943244934082,0,down,2,295.4707145690918,295.4860095977783,0.017263412475585938,106.58603137869434,106.80045622717273,96.56639055533265,96.75493933880458,2.3743941962158033,2.433172805494658,1.067026091490587,1.183807147631551,16.598741565312444,0.0,96.82562273649691,0.0,0.0
336,11200,True,True,,left,0.8901821970939636,0.0902763307094574,0.8901821970939636,0.8520876169204712,0,down,2,295.46175956726074,295.493803024292,0.007793426513671875,106.51972628048914,106.69875845991717,96.58773063781476,96.66491777286384,2.3185665360473706,2.3971176883228735,0.9364806270498821,1.164179289709487,16.598741565312444,0.0,96.82562273649691,0.0,0.0
337,11233,True,True,,left,0.8927133083343506,0.0893389955163002,0.8927133083343506,0.8557584285736084,0,down,2,295.54553031921387,295.49950218200684,0.00569915771484375,106.42353240213376,106.5957465237291,96.576180626538,96.58360163153233,2.266221800110003,2.3566647140373305,0.8931992667701748,1.142466911604083,16.598741565312444,0.0,96.82562273649691,0.0,0.0
338,11267,True,True,,left,0.8977566361427307,0.09078492224216461,0.8977566361427307,0.8619087934494019,0,down,2,295.5453586578369,295.50391960144043,0.00441741943359375,106.71621274758361,106.57995178752105,96.73336312383317,96.60153721503427,2.4635840325981206,2.3643859222129464,0.6137637750844742,0.9694519863074051,16.598741565312444,0.0,96.82562273649691,0.0,0.0
339,11300,True,True,,left,0.9020191431045532,0.09246049076318741,0.9020191431045532,0.8670485615730286,0,down,2,295.5501079559326,295.5146942138672,0.010774612426757812,106.60095724819148,106.56929201141847,96.78048275722982,96.64882954014968,2.3428053038307013,2.3531143737603997,0.5357294237516552,0.8092398368293546,16.598741565312444,0.0,96.82562273649691,0.0,0.0
340,11333,True,True,,left,0.9053823351860046,0.09342668205499649,0.9053823351860046,0.8713043928146362,0,down,2,295.5494213104248,295.5304355621338,0.015741348266601562,106.53074179359815,106.55823409439923,96.82319038108213,96.70018950529956,2.2635917560111096,2.330953885719461,0.41006662725153886,0.677847943981545,16.598741565312444,0.0,96.82562273649691,0.0,0.0
341,11367,True,True,,left,0.9091855883598328,0.09574529528617859,0.9091855883598328,0.8756065964698792,0,down,2,295.0092601776123,295.4399356842041,-0.0904998779296875,106.92490935638045,106.6392707095775,97.26897187829493,96.8364377533956,2.2690287213396942,2.3210463227779257,0.5574890472120517,0.602049628013979,16.598741565312444,0.0,96.82562273649691,0.0,0.0
342,11400,True,True,,left,0.912139356136322,0.09676888585090637,0.912139356136322,0.8800936341285706,0,down,2,295.40788650512695,295.4124069213867,-0.027528762817382812,107.10382965568512,106.77533016028777,97.32835407750645,96.9868724435893,2.4633826167795974,2.3604784861118446,1.1930130663278866,0.6620123879255214,16.598741565312444,0.0,96.82562273649691,0.0,0.0
343,11433,True,True,,left,0.9175785183906555,0.10227260738611221,0.9175785183906555,0.8863289952278137,0,down,2,295.18406867980957,295.34014892578125,-0.07225799560546875,107.8067342313006,106.99343445703116,97.59709372197246,97.15961856321715,2.887795773592785,2.4453208343107775,1.3664572745981307,0.8125510878282526,16.598741565312444,0.0,96.82562273649691,0.0,0.0
344,11467,True,True,,left,0.9183576107025146,0.10150422900915146,0.9183576107025146,0.8881894946098328,0,down,2,295.37858963012695,295.3058452606201,-0.03430366516113281,107.43792192933667,107.1608273932602,97.51540506694651,97.3066030251605,2.7045170464683252,2.5176631828383025,1.5537842700777595,1.0161620570934735,16.598741565312444,0.0,96.82562273649691,0.0,0.0
345,11500,True,True,,left,0.9237579703330994,0.10757002979516983,0.9237579703330994,0.8947392702102661,0,down,2,295.37964820861816,295.2718906402588,-0.033954620361328125,107.49524659785735,107.35372835411204,97.44796581079366,97.43155811110282,2.7433750452607626,2.6136198406882327,2.070183925672122,1.34818551677759,16.598741565312444,0.0,96.82562273649691,0.0,0.0
346,11533,True,True,,left,0.9292097687721252,0.11207054555416107,0.9292097687721252,0.9014577269554138,0,down,2,295.2971363067627,295.32946586608887,0.057575225830078125,107.65472518539917,107.49969151991577,97.53356193961461,97.48447612336675,2.820301875376572,2.7238744714956082,2.6089911029463426,1.7584859279244482,16.598741565312444,0.0,96.82562273649691,0.0,0.0
347,11567,True,True,,left,0.9347345232963562,0.1251564621925354,0.9347345232963562,0.9082266688346863,0,down,2,295.2659225463867,295.3010730743408,-0.028392791748046875,107.92633001783085,107.66419159234492,97.80548967908351,97.57990324368215,2.9647839984698976,2.8241547478336684,2.743769531663147,2.0686372209915005,16.598741565312444,0.0,96.82562273649691,0.0,0.0
348,11600,True,True,,left,0.9376255869865417,0.1291784644126892,0.9376255869865417,0.9114357233047485,0,down,2,295.26623725891113,295.31750679016113,0.0164337158203125,108.02509202520078,107.70786315112498,97.93472603628207,97.64742970654407,2.987382544943344,2.8440721021037803,3.21447791316848,2.4382413487055703,16.598741565312444,0.0,96.82562273649691,0.0,0.0
349,11633,True,True,,left,0.9401509761810303,0.13154000043869019,0.9401509761810303,0.9139959216117859,0,down,2,295.1337718963623,295.2685432434082,-0.04896354675292969,108.32856175759198,107.88599111677601,98.03041740169661,97.75043217349409,3.1504935105369754,2.93326739491751,3.1984964209903586,2.76718377888809,16.598741565312444,0.0,96.82562273649691,0.0,0.0
350,11667,True,True,,left,0.9428658485412598,0.13492988049983978,0.9428658485412598,0.917159378528595,0,down,2,295.15122413635254,295.2228584289551,-0.045684814453125,108.40367542670505,108.06767688254556,98.09054327455532,97.87894766624643,3.2270530955136536,3.0300030049680884,3.4760763235000995,3.048362258453685,16.598741565312444,0.0,96.82562273649691,0.0,0.0
351,11700,True,True,,left,0.9425195455551147,0.13358977437019348,0.9425195455551147,0.9155650734901428,0,down,2,295.09366035461426,295.1821632385254,-0.0406951904296875,108.35374461311369,108.20748076808847,98.12307875604891,97.99685102953329,3.146221084498322,3.0951868467924384,3.45107055655653,3.216778149175723,16.598741565312444,0.0,96.82562273649691,0.0,0.0
352,11733,True,True,,left,0.9374660849571228,0.12944383919239044,0.9374660849571228,0.9106650352478027,0,down,2,295.1005268096924,295.1490840911865,-0.03307914733886719,107.87942719047433,108.19810020261716,97.95312844645288,98.02637878300716,2.803614659820383,3.0629529790625356,3.346118015332647,3.337247845909623,16.598741565312444,0.0,96.82562273649691,0.0,0.0
353,11767,True,True,,left,0.937542736530304,0.1231841892004013,0.937542736530304,0.9094478487968445,0,down,2,295.228271484375,295.1414909362793,-0.0075931549072265625,108.04079417050247,108.2012406316775,97.84918827241941,98.00927123023462,2.9771836086237187,3.0609131917986105,3.5357095580102564,3.4014941748779783,16.598741565312444,0.0,96.82562273649691,0.0,0.0
354,11800,True,True,,left,0.9365701079368591,0.11854296177625656,0.9365701079368591,0.9066944122314453,0,down,2,295.42250633239746,295.1992378234863,0.05774688720703125,107.93298606130968,108.12212549242103,97.7758582458822,97.95835939907174,2.9583186030972115,3.0224782103106578,3.5505194323925937,3.471898777158425,16.598741565312444,0.0,96.82562273649691,0.0,0.0
355,11833,True,True,,left,0.9329853653907776,0.11243505775928497,0.9329853653907776,0.9014109373092651,0,down,2,295.4524326324463,295.2594795227051,0.06024169921875,107.85128553332632,108.01164751374532,97.72559349619807,97.8853694434003,2.920165498284291,2.961100690864785,3.3491710502332683,3.4465177225050594,16.598741565312444,0.0,96.82562273649691,0.0,0.0
356,11867,True,True,,left,0.9276320338249207,0.10595273226499557,0.9276320338249207,0.8938239216804504,0,down,2,295.5106544494629,295.3428783416748,0.08339881896972656,107.51657685669352,107.84421396246125,97.57726455982073,97.77620660415467,2.72694246606207,2.8772449671775346,3.1803478440866173,3.3923731800110764,16.598741565312444,0.0,96.82562273649691,0.0,0.0
357,11900,True,True,,left,0.929947018623352,0.10368511825799942,0.929947018623352,0.8928391337394714,0,down,2,295.5120849609375,295.4251899719238,0.08231163024902344,107.2550181971344,107.71933216379327,97.3883102318491,97.6632429612339,2.5394319772682508,2.8244084306671082,3.195107827162523,3.3621711423770515,16.598741565312444,0.0,96.82562273649691,0.0,0.0
358,11933,True,True,,left,0.9333083033561707,0.1026771292090416,0.9333083033561707,0.894156813621521,0,down,2,295.5333423614502,295.48620414733887,0.06101417541503906,107.43979660775463,107.5991326512437,97.42084477064877,97.57757426087979,2.6647944966251487,2.7619306082673942,3.257461045108439,3.3065214397966884,16.598741565312444,0.0,96.82562273649691,0.0,0.0
359,11967,True,True,,left,0.9263983964920044,0.09699160605669022,0.9263983964920044,0.8838361501693726,0,down,2,295.3532123565674,295.47234535217285,-0.013858795166015625,107.42015796972993,107.49656703292776,97.51701490210185,97.5258055921237,2.569193141410537,2.6841055159300593,3.105206222393607,3.2174587977968914,16.598741565312444,0.0,96.82562273649691,0.0,0.0
360,12000,True,True,,left,0.9300833344459534,0.09598127007484436,0.9300833344459534,0.886028528213501,0,down,2,295.3531265258789,295.4524841308594,-0.019861221313476562,107.51998070981796,107.43030606822609,97.55330391487983,97.49134767586006,2.640439248491262,2.6281602659714536,3.0316003715972895,3.153944662069695,16.598741565312444,0.0,96.82562273649691,0.0,0.0
361,12033,True,True,,left,0.932191789150238,0.09340349584817886,0.932191789150238,0.8847914338111877,0,down,2,295.3549289703369,295.4213390350342,-0.031145095825195312,107.10794218135804,107.348579133159,97.49559619599891,97.47501400309571,2.3183832276971543,2.5464484182984704,2.7555274342315936,3.0689805800986902,16.598741565312444,0.0,96.82562273649691,0.0,0.0
362,12067,True,True,,left,0.9360238909721375,0.0941513329744339,0.9360238909721375,0.8879899382591248,0,down,2,295.3556156158447,295.3900451660156,-0.03129386901855469,106.654602513836,107.2284959964993,97.52168069208786,97.50168809514345,1.9554543546074399,2.4296528937663084,2.6286507666930734,2.9556891680048003,16.598741565312444,0.0,96.82562273649691,0.0,0.0
363,12100,True,True,,left,0.9392598271369934,0.09727224707603455,0.9392598271369934,0.8912644982337952,0,down,2,295.05300521850586,295.29397773742676,-0.09606742858886719,106.8833464656899,107.11720596808637,97.73572533433654,97.564664207881,1.9698418865541925,2.2906623717521173,2.4137633218527217,2.786949623353657,16.598741565312444,0.0,96.82562273649691,0.0,0.0
364,12133,True,True,,left,0.9413852691650391,0.1003112718462944,0.9413852691650391,0.8937889337539673,0,down,2,295.05417823791504,295.2341709136963,-0.05980682373046875,106.76591650641144,106.98635767542267,98.08949182856546,97.67915959317372,1.7974164331213558,2.136307030094281,2.1958447522135818,2.605077329317652,16.598741565312444,0.0,96.82562273649691,0.0,0.0
365,12167,True,True,,left,0.9431192278862,0.10222993046045303,0.9431192278862,0.8951317667961121,0,down,2,294.9832820892334,295.1602020263672,-0.07396888732910156,107.04581816345814,106.8915251661507,98.2003417966291,97.80856716952357,1.9497134310799993,1.9981618666120284,2.307719748010848,2.4603012046003636,16.598741565312444,0.0,96.82562273649691,0.0,0.0
366,12200,True,True,,left,0.9464145302772522,0.11029061675071716,0.9464145302772522,0.8995057344436646,0,down,2,294.9855422973633,295.08632469177246,-0.07387733459472656,107.30260315992824,106.93045736186473,98.37870406762609,97.98518874384901,2.0919643602502163,1.9528780931226408,2.2900927100644575,2.3672142597669366,16.598741565312444,0.0,96.82562273649691,0.0,0.0
367,12233,True,True,,left,0.9502601027488708,0.11930597573518753,0.9502601027488708,0.9048736095428467,0,down,2,294.9985885620117,295.01491928100586,-0.07140541076660156,107.60256660732546,107.12005018056263,98.54883938600788,98.19062048263302,2.2550742843923786,2.0128020790796284,2.405911208873173,2.322666348202956,16.598741565312444,0.0,96.82562273649691,0.0,0.0
368,12267,True,True,,left,0.9521961808204651,0.12075139582157135,0.9521961808204651,0.9072714447975159,0,down,2,295.0136089324951,295.0070400238037,-0.007879257202148438,107.23808613803045,107.19099811503074,98.48967221490413,98.34140985874653,1.9247007074402376,2.0037738432568375,2.3101891786359303,2.3019515195595983,16.598741565312444,0.0,96.82562273649691,0.0,0.0
369,12300,True,True,,left,0.9543827772140503,0.12210274487733841,0.9543827772140503,0.9099695086479187,0,down,2,294.9890327453613,294.99401092529297,-0.013029098510742188,107.51263323433392,107.34034146061524,98.6311752062649,98.44974653428643,2.1076187876147543,2.065814314155517,2.255573313995313,2.313897231915944,16.598741565312444,0.0,96.82562273649691,0.0,0.0
370,12333,True,True,,left,0.9544278979301453,0.12092922627925873,0.9544278979301453,0.9098817110061646,0,down,2,295.02553939819336,295.00246238708496,0.008451461791992188,107.04065519775023,107.33930886747366,98.5502297483453,98.51972412462968,1.7590731708969543,2.027686262118908,2.1353095410431377,2.2794151905224025,16.598741565312444,0.0,96.82562273649691,0.0,0.0
371,12367,True,True,,left,0.9554129838943481,0.11902356147766113,0.9554129838943481,0.9108622074127197,0,down,2,295.0316333770752,295.01168060302734,0.009218215942382812,106.89813474731803,107.25841518495163,98.44041892531312,98.53206709616707,1.6589260308649614,1.9410785962418573,1.945752346758672,2.2105471178612452,16.598741565312444,0.0,96.82562273649691,0.0,0.0
372,12400,True,True,,left,0.9566193222999573,0.12007100135087967,0.9566193222999573,0.9122240543365479,0,down,2,294.9972438812256,295.0114116668701,-0.0002689361572265625,106.83186316870894,107.10427449722832,98.58867066553478,98.54003335207244,1.5455840644802947,1.7991805522594404,1.9123245903344799,2.1118297941535067,16.598741565312444,0.0,96.82562273649691,0.0,0.0
373,12433,True,True,,left,0.9576361179351807,0.12047850340604782,0.9576361179351807,0.9139440655708313,0,down,2,294.99755859375,295.0082015991211,-0.0032100677490234375,106.63311188662733,106.9832796469477,98.6223422106628,98.56656735122418,1.3758648492096626,1.6894133806133254,1.8308111099560151,2.0159541804175234,16.598741565312444,0.0,96.82562273649691,0.0,0.0
374,12467,True,True,,left,0.9573092460632324,0.11699455231428146,0.9573092460632324,0.913277804851532,0,down,2,294.9983596801758,295.010066986084,0.001865386962890625,106.80922278910276,106.84259755790144,98.59758936537673,98.55985018304655,1.5106605700559612,1.5700217371015668,1.8335284357844575,1.9315452047753525,16.598741565312444,0.0,96.82562273649691,0.0,0.0
375,12500,True,True,,left,0.9597482085227966,0.124534472823143,0.9597482085227966,0.9167332053184509,0,down,2,295.0154399871826,295.00804710388184,-0.0020198822021484375,106.75319938482289,106.78510639531598,98.63305494556599,98.57641522249068,1.3988721871264715,1.4979815403474703,2.2895744542941783,1.9623981874255605,16.598741565312444,0.0,96.82562273649691,0.0,0.0
376,12533,True,True,,left,0.9615189433097839,0.1267191618680954,0.9615189433097839,0.9190719127655029,0,down,2,295.10207176208496,295.0221347808838,0.014087677001953125,106.84772081639693,106.77502360913176,98.4438864639592,98.5771087302199,1.548242488846796,1.4758448319438373,2.3478594013321747,2.042819598340261,16.598741565312444,0.0,96.82562273649691,0.0,0.0
377,12567,True,True,,left,0.9630729556083679,0.12845119833946228,0.9630729556083679,0.9208476543426514,0,down,2,295.09509086608887,295.04170417785645,0.01956939697265625,107.00177416524112,106.8090058084382,98.16783393371348,98.49294138385565,1.7543285635470909,1.5175937317571964,2.341135707393191,2.128581821752003,16.598741565312444,0.0,96.82562273649691,0.0,0.0
378,12600,True,True,,left,0.9650589823722839,0.13489466905593872,0.9650589823722839,0.9239433407783508,0,down,2,295.3300666809082,295.1082057952881,0.06650161743164062,106.69172801144406,106.82072903340153,98.03799031092461,98.37607100390801,1.5781953175726073,1.5580598254297855,2.3480758505313823,2.2320347698670764,16.598741565312444,0.0,96.82562273649691,0.0,0.0
379,12633,True,True,,left,0.9618249535560608,0.1271047741174698,0.9618249535560608,0.9176958203315735,0,down,2,295.273962020874,295.16332626342773,0.05512046813964844,106.57492537853356,106.7738695512877,97.95569550170947,98.24769223117455,1.470694757987829,1.550066663016159,2.178339172636692,2.3009969172375238,16.598741565312444,0.0,96.82562273649691,0.0,0.0
380,12667,True,True,,left,0.9643393158912659,0.13534177839756012,0.9643393158912659,0.9218376874923706,0,down,2,295.6457233428955,295.2893829345703,0.12605667114257812,106.04404047844702,106.63203777001254,97.77674775103628,98.07643079226861,1.0907317877695846,1.4884385831447815,2.2907358387790686,2.301229194134502,16.598741565312444,0.0,96.82562273649691,0.0,0.0
381,12700,True,True,,left,0.963058590888977,0.1294787973165512,0.963058590888977,0.9190554618835449,0,down,2,295.6449794769287,295.39796447753906,0.10858154296875,105.67439210554109,106.39737202784139,97.44597374086581,97.87684824764995,1.000411605035211,1.3788724063824644,2.0847633971004598,2.2486099932881585,16.598741565312444,0.0,96.82562273649691,0.0,0.0
382,12733,True,True,,left,0.9652178883552551,0.13204731047153473,0.9652178883552551,0.9225108623504639,0,down,2,295.69104194641113,295.5171546936035,0.11919021606445312,105.67058548667214,106.13113429212758,97.42446144440112,97.72817374978747,0.9716336116137256,1.2223334159957915,2.0262577106217323,2.185634393933867,16.598741565312444,0.0,96.82562273649691,0.0,0.0
383,12767,True,True,,left,0.9658373594284058,0.13045156002044678,0.9658373594284058,0.9233121275901794,0,down,2,295.7068347930908,295.59250831604004,0.07535362243652344,105.74656861525385,105.94210241288954,97.43684804337235,97.60794529627701,0.9546229308058116,1.0976189386424324,1.841772686676994,2.084373761162989,16.598741565312444,0.0,96.82562273649691,0.0,0.0
384,12800,True,True,,left,0.9675979018211365,0.13836130499839783,0.9675979018211365,0.9269075989723206,0,down,2,295.70714950561523,295.6791458129883,0.08663749694824219,106.46915138038406,105.92094761325961,97.5819260820508,97.53319141234529,1.4909718004746964,1.1016743471398058,1.7682434059165577,2.0023546078189627,16.598741565312444,0.0,96.82562273649691,0.0,0.0
385,12833,True,True,,left,0.967438817024231,0.1372521072626114,0.967438817024231,0.9274216294288635,0,down,2,295.671443939209,295.684289932251,0.0051441192626953125,106.42380792937577,105.99690110344538,97.3883255210867,97.45550696635536,1.5129852306529443,1.1861250357164779,1.2335193231978658,1.7909113047027219,16.598741565312444,0.0,96.82562273649691,0.0,0.0
386,12867,True,True,,left,0.9644297957420349,0.1354028731584549,0.9644297957420349,0.9258428812026978,0,down,2,295.312442779541,295.61778259277344,-0.06650733947753906,106.6251007660314,106.18704283554344,97.52451038053269,97.47121429428873,1.5468815517125307,1.2954190250519417,1.1570218707631528,1.6053629994352605,16.598741565312444,0.0,96.82562273649691,0.0,0.0
387,12900,True,True,,left,0.9626755118370056,0.1355445235967636,0.9626755118370056,0.9245921969413757,0,down,2,295.1767158508301,295.5149173736572,-0.10286521911621094,106.61739918773063,106.37640557575514,97.57060482356431,97.50044297012137,1.5030221089033944,1.4016967245098755,0.9431943125557555,1.3887503198220652,16.598741565312444,0.0,96.82562273649691,0.0,0.0
388,12933,True,True,,left,0.965523362159729,0.14968380331993103,0.965523362159729,0.930518627166748,0,down,2,295.3689193725586,295.4473342895508,-0.06758308410644531,106.45124190450605,106.5173402336056,97.54085323844367,97.52124400913563,1.40295697849146,1.491363534047005,1.058913615478346,1.2321785055823355,16.598741565312444,0.0,96.82562273649691,0.0,0.0
389,12967,True,True,,left,0.9658452272415161,0.1495686173439026,0.9658452272415161,0.933009922504425,0,down,2,295.36869049072266,295.37964248657227,-0.06769180297851562,106.25942162245184,106.47539428201912,97.42309475709379,97.48947774414424,1.3785198581111615,1.4688731455742983,1.0558391917904724,1.0896976627571184,16.598741565312444,0.0,96.82562273649691,0.0,0.0
390,13000,True,True,,left,0.9681378602981567,0.16028495132923126,0.9681378602981567,0.9376187920570374,0,down,2,295.4085445404053,295.3270626068115,-0.05257987976074219,106.6980420120071,106.53024109854542,97.52736309427335,97.51728525878157,1.7301828128060919,1.5123126620049276,1.2125457347601272,1.0855029450695706,16.598741565312444,0.0,96.82562273649691,0.0,0.0
391,13033,True,True,,left,0.9691832065582275,0.16335256397724152,0.9691832065582275,0.9399720430374146,0,down,2,295.44599533081055,295.35377311706543,0.02671051025390625,106.66101111119725,106.53742316757857,97.52257154432907,97.51689749154085,1.7137930830142807,1.5456949682652776,1.3701293839648436,1.1281244477099088,16.598741565312444,0.0,96.82562273649691,0.0,0.0
392,13067,True,True,,left,0.9645649194717407,0.15640927851200104,0.9645649194717407,0.9357829093933105,0,down,2,295.1501941680908,295.3484687805176,-0.0053043365478515625,106.79260019363417,106.57246336875929,97.64790975157783,97.53235847714355,1.7057221517921306,1.5862349768430248,0.6815267061646979,1.0757909264316974,16.598741565312444,0.0,96.82562273649691,0.0,0.0
393,13100,True,True,,left,0.963487446308136,0.1536465287208557,0.963487446308136,0.9349245429039001,0,down,2,295.1481056213379,295.30430603027344,-0.044162750244140625,106.76704757234195,106.63562450232646,97.68651431892962,97.56149069324074,1.6567732069467809,1.636998222534089,0.4956797561532464,0.9631441545666777,16.598741565312444,0.0,96.82562273649691,0.0,0.0
394,13133,True,True,,left,0.9653313755989075,0.15754911303520203,0.9653313755989075,0.938621997833252,0,down,2,295.3120422363281,295.29297637939453,-0.01132965087890625,106.64066343659918,106.71187286515593,97.66140794420393,97.60915333066275,1.5618671142909761,1.673667673770052,1.2386130419629913,0.9996989246011811,16.598741565312444,0.0,96.82562273649691,0.0,0.0
395,13167,True,True,,left,0.963756263256073,0.1516149640083313,0.963756263256073,0.9378408193588257,0,down,2,295.3286075592041,295.2769889831543,-0.015987396240234375,106.49047277756883,106.67035901826827,97.56259213674737,97.61619913915754,1.5131164736409772,1.6302544059370292,1.2223430410392304,1.0016583858570018,16.598741565312444,0.0,96.82562273649691,0.0,0.0
396,13200,True,True,,left,0.9626125693321228,0.14775940775871277,0.9626125693321228,0.9366085529327393,0,down,2,295.32557487487793,295.2529048919678,-0.024084091186523438,106.35712047488136,106.6095808910051,97.55915653062796,97.62351613641734,1.3834835184477612,1.5641924930237252,1.0640010887800535,0.940432726820044,16.598741565312444,0.0,96.82562273649691,0.0,0.0
397,13233,True,True,,left,0.9646921157836914,0.1523720622062683,0.9646921157836914,0.9401339292526245,0,down,2,295.25991439819336,295.2748489379883,0.021944046020507812,106.96572757424124,106.6442063671265,97.82959372740413,97.6598529315826,1.7325549498189332,1.5695590526290857,1.1902170900250482,1.042170803592114,16.598741565312444,0.0,96.82562273649691,0.0,0.0
398,13267,True,True,,left,0.9621002674102783,0.14718353748321533,0.9621002674102783,0.937911331653595,0,down,2,294.74756240844727,295.19474029541016,-0.080108642578125,107.05087643032273,106.70097213872268,98.03961931363989,97.73047393052465,1.605343406660765,1.5592730925718825,1.075039763874111,1.158042805136287,16.598741565312444,0.0,96.82562273649691,0.0,0.0
399,13300,True,True,,left,0.9630842208862305,0.14819489419460297,0.9630842208862305,0.9399994015693665,0,down,2,294.73408699035645,295.0791492462158,-0.11559104919433594,107.30274107511072,106.83338766642498,98.19077611734602,97.83634756515308,1.7437259549907225,1.5956448607118319,1.7746046998063958,1.2652411367049679,16.598741565312444,0.0,96.82562273649691,0.0,0.0
400,13333,True,True,,left,0.9653859734535217,0.15535598993301392,0.9653859734535217,0.9434614181518555,0,down,2,294.7700500488281,294.9674377441406,-0.11171150207519531,107.3802897513301,107.01135106117722,98.25104635181445,97.97403840816648,1.7567155135729706,1.6443646686982305,1.7932664494798574,1.3794258183930932,16.598741565312444,0.0,96.82562273649691,0.0,0.0
401,13367,True,True,,left,0.9661954045295715,0.15536467730998993,0.9661954045295715,0.9446197748184204,0,down,2,294.7701072692871,294.85634422302246,-0.11109352111816406,107.24899785279428,107.18972653675982,98.25025820154096,98.1122587423491,1.623545968247356,1.6923771586581495,1.5944586670189298,1.4855173340408687,16.598741565312444,0.0,96.82562273649691,0.0,0.0
402,13400,True,True,,left,0.9653777480125427,0.15217356383800507,0.9653777480125427,0.9438361525535583,0,down,2,294.677038192749,294.7397689819336,-0.11657524108886719,107.06762006863197,107.21010503563795,98.24930039372369,98.19620007561299,1.4339910416727832,1.6326643770289195,1.4706816053278824,1.5416102371014353,16.598741565312444,0.0,96.82562273649691,0.0,0.0
403,13433,True,True,,left,0.9674376845359802,0.1619328260421753,0.9674376845359802,0.9469204545021057,0,down,2,295.0008487701416,294.79042625427246,0.05065727233886719,106.56711211606743,107.1133521727869,98.08864061264892,98.2060043354148,1.1014447330379653,1.5318846423043595,1.6287599316706498,1.6523542706607433,16.598741565312444,0.0,96.82562273649691,0.0,0.0
404,13467,True,True,,left,0.9679592251777649,0.1581566482782364,0.9679592251777649,0.9491994976997375,0,down,2,294.990234375,294.8416557312012,0.05122947692871094,105.99986713910779,106.85277738558632,97.72495359295243,98.11283983053609,0.9362118454443618,1.3703818203950875,1.6526044516403064,1.6279542210275253,16.598741565312444,0.0,96.82562273649691,0.0,0.0
405,13500,True,True,,left,0.9694733619689941,0.16417096555233002,0.9694733619689941,0.9515587687492371,0,down,2,295.0027084350586,294.88818740844727,0.04653167724609375,105.83531308681137,106.54378205268259,97.64577120768578,97.99178480171035,0.8057038125598979,1.1801794801924728,1.632153856353665,1.5957317024022868,16.598741565312444,0.0,96.82562273649691,0.0,0.0
406,13533,True,True,,left,0.9713916182518005,0.17157074809074402,0.9713916182518005,0.9545739889144897,0,down,2,295.0594997406006,294.94606590270996,0.05787849426269531,105.95661773054222,106.28530602823216,97.66389327274153,97.87451181595046,0.8890490862712142,1.0332801037972446,1.5291478014729474,1.5826695292930903,16.598741565312444,0.0,96.82562273649691,0.0,0.0
407,13567,True,True,,left,0.9727250337600708,0.17593002319335938,0.9727250337600708,0.9567811489105225,0,down,2,295.1490783691406,295.0404739379883,0.09440803527832031,105.55230676719317,105.98224336794439,97.34338687445184,97.69332911209611,0.7084756833594525,0.8881770321345783,1.6106784687251943,1.6106689019725526,16.598741565312444,0.0,96.82562273649691,0.0,0.0
408,13600,True,True,,left,0.9723647236824036,0.17126084864139557,0.9723647236824036,0.9576064944267273,0,down,2,295.18198013305664,295.0767002105713,0.03622627258300781,105.12107970440965,105.69303688561283,97.09080643831868,97.49376227723005,0.5309137226547733,0.77407083005794,1.6244750189600494,1.6098119194304328,16.598741565312444,0.0,96.82562273649691,0.0,0.0
409,13633,True,True,,left,0.9718175530433655,0.16756919026374817,0.9718175530433655,0.9578374624252319,0,down,2,295.2349662780762,295.1256465911865,0.048946380615234375,104.69888961895278,105.43284138158182,96.93913874755924,97.33659930815142,0.28581461954765075,0.6439913848785978,1.6254540344278652,1.6043818359879443,16.598741565312444,0.0,96.82562273649691,0.0,0.0
410,13667,True,True,,left,0.9706876277923584,0.16183161735534668,0.9706876277923584,0.9570966362953186,0,down,2,295.2249813079834,295.1701011657715,0.04445457458496094,104.41853455830598,105.14948567588075,96.90805215254738,97.18905549712375,0.02962058892984487,0.48877474015258715,1.6519260462205079,1.608336273961313,16.598741565312444,0.0,96.82562273649691,0.0,0.0
411,13700,True,True,,left,0.9706299901008606,0.15892186760902405,0.9706299901008606,0.9572627544403076,0,down,2,295.2220630645752,295.2026138305664,0.032512664794921875,104.18125052703694,104.79441223517969,96.8976946123983,97.03581576505509,0.19372876185040866,0.34971067526842603,1.5647240964162301,1.6154515329499695,16.598741565312444,0.0,96.82562273649691,0.0,0.0
412,13733,True,True,,left,0.9693282246589661,0.1537567377090454,0.9693282246589661,0.956213116645813,0,down,2,295.18744468688965,295.2102870941162,0.0076732635498046875,103.85540587863349,104.45503205746778,96.93766455241933,96.95467130064858,0.5088028196915104,0.3097761025348376,1.526905203346124,1.5986968798741552,16.598741565312444,0.0,96.82562273649691,0.0,0.0
413,13767,True,True,,left,0.9686033129692078,0.14955675601959229,0.9686033129692078,0.9555875062942505,0,down,2,295.2217197418213,295.21823501586914,0.007947921752929688,103.33277620440465,104.09737135746677,96.86251782911192,96.90901357880725,0.9476300788656999,0.39311937377702294,1.6236648203775563,1.598534840157657,16.598741565312444,0.0,96.82562273649691,0.0,0.0
414,13800,True,True,,left,0.9703080058097839,0.15306071937084198,0.9703080058097839,0.9582510590553284,0,down,2,295.2205753326416,295.2153568267822,-0.0028781890869140625,103.3902266881811,103.83563877131243,96.86740754055648,96.89466733740669,0.9072546226004476,0.5174073743875823,1.7888844754408955,1.6312209283602628,16.598741565312444,0.0,96.82562273649691,0.0,0.0
415,13833,True,True,,left,0.9699111580848694,0.14871440827846527,0.9699111580848694,0.9583435654640198,0,down,2,295.22478103637695,295.21531677246094,-4.00543212890625e-05,103.28508931643553,103.60894972293833,96.92453315499152,96.89796353789552,0.995453990962119,0.7105740547940371,1.8199031405288078,1.6648163472219228,16.598741565312444,0.0,96.82562273649691,0.0,0.0
416,13867,True,True,,left,0.9695673584938049,0.14574067294597626,0.9695673584938049,0.9586223363876343,0,down,2,295.22337913513184,295.21557998657227,0.000263214111328125,103.42798599306654,103.45829681614426,96.93207438606815,96.90483949262949,0.8868021644312165,0.8491887353101987,1.8865982077249333,1.7291911694836635,16.598741565312444,0.0,96.82562273649691,0.0,0.0
417,13900,True,True,,left,0.9686057567596436,0.14147602021694183,0.9686057567596436,0.9578402042388916,0,down,2,295.230016708374,295.22409439086914,0.008514404296875,103.57255612708819,103.40172686583522,96.99929438870127,96.91716545988588,0.8156598328722993,0.9105601379463565,1.899498706739382,1.803709870162315,16.598741565312444,0.0,96.82562273649691,0.0,0.0
418,13933,True,True,,left,0.9680683016777039,0.13801971077919006,0.9680683016777039,0.9575839042663574,0,down,2,295.2029800415039,295.22034645080566,-0.0037479400634765625,103.90886494940969,103.5169446148362,97.12202204025765,96.96906630211502,0.5498893613153086,0.8310119944362782,1.7914307466962647,1.8372630554260567,16.598741565312444,0.0,96.82562273649691,0.0,0.0
419,13967,True,True,,left,0.9684683680534363,0.13740196824073792,0.9684683680534363,0.9586135149002075,0,down,2,294.8927879333496,295.15478897094727,-0.06555747985839844,104.33657038598585,103.70621335439716,97.37021285755672,97.06962736551506,0.35267446764989074,0.7200959634461668,1.9499767605251037,1.8694815124428985,16.598741565312444,0.0,96.82562273649691,0.0,0.0
420,14000,True,True,,left,0.9707044959068298,0.1449079066514969,0.9707044959068298,0.9615132808685303,0,down,2,294.8478126525879,295.07939529418945,-0.0753936767578125,104.54442721873826,103.9580809348577,97.60659593059825,97.20603992063641,0.3532865290530083,0.5916624710643447,2.171018218772802,1.9397045280916974,16.598741565312444,0.0,96.82562273649691,0.0,0.0
421,14033,True,True,,left,0.9726238250732422,0.14994457364082336,0.9726238250732422,0.9640678763389587,0,down,2,294.7953414916992,294.99378776550293,-0.08560752868652344,104.57758785915858,104.18800130807612,97.63452318529784,97.34652968048235,0.33825230996664857,0.4819525001714311,2.2701465581238054,2.016414198171472,16.598741565312444,0.0,96.82562273649691,0.0,0.0
422,14067,True,True,,left,0.97431880235672,0.15696191787719727,0.97431880235672,0.9660650491714478,0,down,2,294.7913074493408,294.9060459136963,-0.08774185180664062,104.55790311805991,104.38507070627047,97.66606417803553,97.4798836383492,0.38362920161918623,0.3955463739208085,2.0010584376779117,2.0367261443591778,16.598741565312444,0.0,96.82562273649691,0.0,0.0
423,14100,True,True,,left,0.9755807518959045,0.16147929430007935,0.9755807518959045,0.9677255153656006,0,down,2,294.699068069458,294.8052635192871,-0.10078239440917969,104.68912472189812,104.54112266076815,97.74354728585811,97.60418868746929,0.3289995272067756,0.3513684070991019,1.9926582843236378,2.0769716518846524,16.598741565312444,0.0,96.82562273649691,0.0,0.0
424,14133,True,True,,left,0.9770588278770447,0.16770504415035248,0.9770588278770447,0.9695484638214111,0,down,2,294.52531814575195,294.7317695617676,-0.07349395751953125,105.09466781024379,104.69274214561975,98.00363412371912,97.73087294070177,0.2052831081019093,0.3218901351895056,2.003651343904305,2.0877065685604927,16.598741565312444,0.0,96.82562273649691,0.0,0.0
425,14167,True,True,,left,0.9780302047729492,0.17120201885700226,0.9780302047729492,0.970867931842804,0,down,2,294.41657066345215,294.64552116394043,-0.08624839782714844,105.19050565452841,104.82195783277776,98.16960730419436,97.843475215421,0.3104471890580669,0.3133222671905173,2.0573381742640446,2.064970559658741,16.598741565312444,0.0,96.82562273649691,0.0,0.0
426,14200,True,True,,left,0.9788704514503479,0.17332565784454346,0.9788704514503479,0.9719215035438538,0,down,2,294.3351173400879,294.55347633361816,-0.09204483032226562,105.63347592146626,105.03313544523931,98.4006625357683,97.99670308551508,0.12464203431355259,0.27060021205989815,2.3282521669189977,2.076591681417779,16.598741565312444,0.0,96.82562273649691,0.0,0.0
427,14233,True,True,,left,0.9770961999893188,0.1682610958814621,0.9770961999893188,0.9695573449134827,0,down,2,293.97045135498047,294.3893051147461,-0.1641712188720703,105.58526189583162,105.23860720079365,98.49276039197647,98.16204232830327,0.2845968193094137,0.2507937355979436,1.9809323963882153,2.07256647315984,16.598741565312444,0.0,96.82562273649691,0.0,0.0
428,14267,True,True,,left,0.9779909253120422,0.1710452139377594,0.9779909253120422,0.9706901907920837,0,down,2,293.8863945007324,294.226770401001,-0.1625347137451172,105.71082522240101,105.4429473008942,98.64828598356773,98.34299006784521,0.2728110527377652,0.23955604070414155,1.7515029060935525,2.024335397513823,16.598741565312444,0.0,96.82562273649691,0.0,0.0
429,14300,True,True,,left,0.9788827300071716,0.17332233488559723,0.9788827300071716,0.9719669818878174,0,down,2,293.8069725036621,294.083101272583,-0.14366912841796875,105.75058773328647,105.57413128550274,98.7261201212462,98.48748726735062,0.2872798025904899,0.25595537960185766,1.7008558630865438,1.9637763013502707,16.598741565312444,0.0,96.82562273649691,0.0,0.0
430,14333,True,True,,left,0.9797251224517822,0.17621544003486633,0.9797251224517822,0.9730949997901917,0,down,2,293.73870849609375,293.9475288391113,-0.1355724334716797,105.88189405343486,105.71240896528404,98.87359534223353,98.62828487495844,0.2713235614117906,0.2481306540726024,1.6385764498319757,1.8800239564638566,16.598741565312444,0.0,96.82562273649691,0.0,0.0
431,14367,True,True,,left,0.9799222350120544,0.17553478479385376,0.9799222350120544,0.9735492467880249,0,down,2,293.5737419128418,293.7952537536621,-0.15227508544921875,105.9896717110273,105.78364812319626,98.98338264210568,98.74482889622591,0.2525558200491105,0.273713411219714,1.5282585280617882,1.7200252286924151,16.598741565312444,0.0,96.82562273649691,0.0,0.0
432,14400,True,True,,left,0.9801673293113708,0.1768541783094406,0.9801673293113708,0.9737668633460999,0,down,2,293.5291385650635,293.7069911956787,-0.08826255798339844,105.44517083738658,105.75562991150726,98.87651308186712,98.82157943420405,0.6710383407999387,0.351001715517819,1.4059632940612306,1.6050314082270183,16.598741565312444,0.0,96.82562273649691,0.0,0.0
433,14433,True,True,,left,0.9810435771942139,0.18145239353179932,0.9810435771942139,0.9747714400291443,0,down,2,293.62060546875,293.6538333892822,-0.053157806396484375,105.33622730559361,105.68071032814575,98.87473610798081,98.86686945908667,0.7976396702840702,0.45596743902708,1.4402569688618438,1.5427822207806763,16.598741565312444,0.0,96.82562273649691,0.0,0.0
434,14467,True,True,,left,0.9800387620925903,0.17539459466934204,0.9800387620925903,0.9733244776725769,0,down,2,293.74897956848145,293.6422348022461,-0.011598587036132812,105.0787931421156,105.54635140991158,98.82887537695404,98.88742051022824,1.0051887937868287,0.5995492372663478,1.6343790453708666,1.529486857237541,16.598741565312444,0.0,96.82562273649691,0.0,0.0
435,14500,True,True,,left,0.9812390208244324,0.1777632087469101,0.9812390208244324,0.9748580455780029,0,down,2,293.73764991760254,293.64202308654785,-0.0002117156982421875,105.19361327003507,105.40869525323163,98.90800511984737,98.894302465751,0.9600477644406737,0.7372940778721244,2.2672258068462963,1.655216728640405,16.598741565312444,0.0,96.82562273649691,0.0,0.0
436,14533,True,True,,left,0.9823273420333862,0.1809118092060089,0.9823273420333862,0.9761671423912048,0,down,2,293.7444019317627,293.67615509033203,0.03413200378417969,105.31744703256139,105.27425031753846,98.95918196899096,98.88946233112804,0.8907725739882864,0.8649374286599596,2.503471826527748,1.850259388333597,16.598741565312444,0.0,96.82562273649691,0.0,0.0
437,14567,True,True,,left,0.9821754097938538,0.17801150679588318,0.9821754097938538,0.9760903716087341,0,down,2,293.73656272888184,293.7176399230957,0.041484832763671875,104.64894445021422,105.11500504010398,98.5875199871303,98.8316637121807,1.28918691427495,0.9885671433549618,2.4782445952402217,2.0647156485693956,16.598741565312444,0.0,96.82562273649691,0.0,0.0
438,14600,True,True,,left,0.9829902052879333,0.17998498678207397,0.9829902052879333,0.9769830703735352,0,down,2,293.7432861328125,293.7421760559082,0.0245361328125,104.08898954105132,104.86555748719552,98.47730313454883,98.7521771174943,1.754733919872919,1.1799859932727315,2.5082578783594425,2.278315830468915,16.598741565312444,0.0,96.82562273649691,0.0,0.0
439,14633,True,True,,left,0.9829815626144409,0.17429623007774353,0.9829815626144409,0.9770722985267639,0,down,2,293.7388515472412,293.74015045166016,-0.002025604248046875,103.93956576427121,104.63771201162663,98.46138313146223,98.67867866839595,1.872981138634458,1.3535444622422574,2.275906548486187,2.406621331091979,16.598741565312444,0.0,96.82562273649691,0.0,0.0
440,14667,True,True,,left,0.9839126467704773,0.17705602943897247,0.9839126467704773,0.9782098531723022,0,down,2,293.82433891296387,293.7574882507324,0.017337799072265625,103.76039513005051,104.35106838362974,98.5388218808803,98.60484202060255,2.1833035903773492,1.5981956274295925,2.415524041171965,2.4362809779571126,16.598741565312444,0.0,96.82562273649691,0.0,0.0
441,14700,True,True,,left,0.9843314290046692,0.17286942899227142,0.9843314290046692,0.9789374470710754,0,down,2,293.9138889312744,293.79138565063477,0.03389739990234375,103.19148057956703,103.92587509303087,98.41569160093171,98.49614394699067,2.620749940050132,1.9441911006419617,2.2014283392203415,2.3758722804956314,16.598741565312444,0.0,96.82562273649691,0.0,0.0
442,14733,True,True,,left,0.9846041202545166,0.17091341316699982,0.9846041202545166,0.9795154333114624,0,down,2,294.4212055206299,293.9283142089844,0.13692855834960938,102.45770201518498,103.48762660602502,98.0297400353376,98.38458795663215,2.996303784911106,2.2856144747691927,1.4075399267595858,2.1617313467995047,16.598741565312444,0.0,96.82562273649691,0.0,0.0
443,14767,True,True,,left,0.9847789406776428,0.16985349357128143,0.9847789406776428,0.9797012209892273,0,down,2,295.4004764556885,294.25975227355957,0.3314380645751953,100.68201668037241,102.80623203388923,97.23993267441277,98.13711386460493,3.9847310173674657,2.731613894268102,1.2917246403607798,1.9184246991997718,16.598741565312444,0.0,96.82562273649691,0.0,0.0
444,14800,True,True,,left,0.9842376708984375,0.16249585151672363,0.9842376708984375,0.9792068004608154,0,down,2,295.2388000488281,294.55974197387695,0.2999897003173828,100.52805239758649,102.12392936055228,97.19985064086514,97.88480736648549,4.163969223763161,3.1898115112938425,1.1307892772472654,1.6894012449519873,16.598741565312444,0.0,96.82562273649691,0.0,0.0
445,14833,True,True,,left,0.9848474860191345,0.16092848777770996,0.9848474860191345,0.9801388382911682,0,down,2,295.34374237060547,294.8636226654053,0.3038806915283203,100.23969029149805,101.4197883928418,97.08495349734343,97.59403368977812,4.362770777287707,3.6257049486759145,0.8563808779167046,1.3775726123009353,16.598741565312444,0.0,96.82562273649691,0.0,0.0
446,14867,True,True,,left,0.9852055311203003,0.16149696707725525,0.9852055311203003,0.9805079102516174,0,down,2,295.43675422668457,295.1681957244873,0.30457305908203125,99.8046554023421,100.7424233573968,96.90747097054994,97.29238956370176,4.615786074148787,4.024712175495646,0.028044562044069996,0.9428958568656812,16.598741565312444,0.0,96.82562273649691,0.0,0.0
447,14900,True,True,,left,0.9860302209854126,0.16161611676216125,0.9860302209854126,0.9814914464950562,0,down,2,295.4326915740967,295.37049293518066,0.20229721069335938,99.55310285566968,100.16150352549376,96.96266889761037,97.07897533615633,4.915069680096167,4.408465354532657,0.013437487959389064,0.6640753691056417,16.598741565312444,0.0,96.82562273649691,0.0,0.0
448,14933,True,True,,left,0.9869387149810791,0.16352567076683044,0.9869387149810791,0.9825385808944702,0,down,2,295.4292583465576,295.3762493133545,0.005756378173828125,99.28415228867894,99.88193064715506,96.96138948940825,97.02326669915541,5.239007394474029,4.65932062995397,0.03284707373197618,0.41229985577988104,16.598741565312444,0.0,96.82562273649691,0.0,0.0
449,14967,True,True,,left,0.9875835180282593,0.168333500623703,0.9875835180282593,0.9829017519950867,0,down,2,295.2937889099121,295.3872470855713,0.010997772216796875,98.908723014033,99.55806477044436,97.07689843073837,96.99867625713009,5.837577575224472,4.994042300246233,0.042230302739487406,0.19458806087832542,16.598741565312444,0.0,96.82562273649691,0.0,0.0
450,15000,True,True,,left,0.9882514476776123,0.1745484620332718,0.9882514476776123,0.9833202362060547,0,down,2,295.13940811157227,295.34638023376465,-0.040866851806640625,98.6849564273911,99.24711799762296,97.04218875169616,96.99012330800062,6.235370098037691,5.368562164396229,0.1602493232493859,0.05536174994486172,16.598741565312444,0.0,96.82562273649691,0.0,0.0
451,15033,True,True,,left,0.9884316921234131,0.17095403373241425,0.9884316921234131,0.9830307364463806,0,down,2,294.9539566040039,295.2498207092285,-0.09655952453613281,98.11343703417809,98.90887432399016,96.80579193825383,96.96978750154139,6.81624110452654,5.80865317047178,0.348963127579471,0.11954546305194191,16.598741565312444,0.0,96.82562273649691,0.0,0.0
452,15067,True,True,,left,0.9884571433067322,0.1659986674785614,0.9884571433067322,0.982745349407196,0,down,2,294.56960678100586,295.07720375061035,-0.17261695861816406,98.00213330757347,98.59868041437092,96.87640472607251,96.95253466723383,7.3276965603162125,6.2911785465157894,0.5452965095964197,0.22591726737934806,16.598741565312444,0.0,96.82562273649691,0.0,0.0
453,15100,True,True,,left,0.9885100722312927,0.16242404282093048,0.9885100722312927,0.9823917746543884,0,down,2,294.43081855773926,294.8775157928467,-0.19968795776367188,97.59567268295433,98.260984493226,96.76856088894509,96.9139689471412,7.8004311444911,6.803463296519203,0.6353750921878855,0.34642287107052994,16.598741565312444,0.0,96.82562273649691,0.0,0.0
454,15133,True,True,,left,0.9889207482337952,0.16103339195251465,0.9889207482337952,0.9827719330787659,0,down,2,294.0310478210449,294.62496757507324,-0.2525482177734375,97.75178503314474,98.02959689704835,97.18555280498666,96.93569982199085,8.140989655953703,7.26414571266505,0.7202444406582187,0.4820256986542761,16.598741565312444,0.0,96.82562273649691,0.0,0.0
455,15167,True,True,,left,0.9892956614494324,0.16206136345863342,0.9892956614494324,0.9826862812042236,0,down,2,293.95737648010254,294.3885612487793,-0.2364063262939453,97.97854270856895,97.88831415328391,97.33985800077087,96.99523367180579,8.273109615589064,7.6716936161753235,0.8971840820412375,0.6294126504126465,16.598741565312444,0.0,96.82562273649691,0.0,0.0
456,15200,True,True,,left,0.9899884462356567,0.1684516817331314,0.9899884462356567,0.9836878776550293,0,down,2,294.0099048614502,294.19975090026855,-0.1888103485107422,97.56085030392042,97.77779680723238,97.45635143538266,97.12534557123156,8.869161902258384,8.082277775721693,1.0204278667833524,0.7637055982534228,16.598741565312444,0.0,96.82562273649691,0.0,0.0
457,15233,True,True,,left,0.9898563623428345,0.16373437643051147,0.9898563623428345,0.9837530255317688,0,down,2,293.7990188598633,294.04563331604004,-0.15411758422851562,96.84999710081291,97.54736956588027,97.19128099132216,97.18832082428148,9.591944011058189,8.535127265870088,0.9260427936323727,0.8398548550606133,16.598741565312444,0.0,96.82562273649691,0.0,0.0
458,15267,True,True,,left,0.9903460144996643,0.16719092428684235,0.9903460144996643,0.9844043254852295,0,down,2,293.78454208374023,293.91637802124023,-0.1292552947998047,95.86296809917171,97.20082864912375,96.91570983634006,97.21775061376049,10.420671005199978,9.059175238011864,0.888197199393772,0.8904192765017905,16.598741565312444,0.0,96.82562273649691,0.0,0.0
459,15300,True,True,,left,0.9906379580497742,0.1674233376979828,0.9906379580497742,0.9844146370887756,0,down,2,293.7107849121094,293.8523254394531,-0.06405258178710938,94.58001883673569,96.56647540984194,96.13882491991446,97.00840503674604,11.315665147803443,9.694110336381812,1.0952426315486263,0.9654189146798722,16.598741565312444,0.0,96.82562273649691,0.0,0.0
460,15333,True,True,,left,0.9911285042762756,0.16598044335842133,0.9911285042762756,0.985194742679596,0,down,2,293.4104061126709,293.7429313659668,-0.10939407348632812,94.26415474490618,95.82359781710939,96.44879761520234,96.83019295963234,11.987834574996356,10.43705532826327,0.8624929662530118,0.958480691522227,16.598741565312444,0.0,96.82562273649691,0.0,0.0
461,15367,True,True,,left,0.9916489720344543,0.16520658135414124,0.9916489720344543,0.9858599305152893,0,down,2,293.4788703918457,293.6367244720459,-0.10620689392089844,93.33034293989333,94.97749634430397,96.37610794443837,96.61414426144349,12.962113168381649,11.255645581487922,0.9428900968968065,0.942973137544918,16.598741565312444,0.0,96.82562273649691,0.0,0.0
462,15400,True,True,,left,0.991736114025116,0.161066472530365,0.991736114025116,0.9858320355415344,0,down,2,292.4372863769531,293.36437797546387,-0.27234649658203125,92.38319689749117,94.08413630363962,96.70235558437736,96.51635918005452,14.31906103276593,12.20106898582947,0.8524876007948916,0.9282620989774216,16.598741565312444,0.0,96.82562273649691,0.0,0.0
463,15433,True,True,,left,0.9916054606437683,0.16385626792907715,0.9916054606437683,0.9843998551368713,0,down,2,292.40478515625,293.0884265899658,-0.2759513854980469,91.08613498417752,93.12876968064079,96.72131051122149,96.4774793150308,15.703537129419175,13.25764221067331,1.1245368715666741,0.9755300334120021,16.598741565312444,0.0,96.82562273649691,0.0,0.0
464,15467,True,True,,left,0.992019772529602,0.16944490373134613,0.992019772529602,0.9846737384796143,0,down,2,292.3825263977051,292.82277488708496,-0.2656517028808594,90.2760245670189,92.26797082669742,97.00867129463397,96.6514485899747,16.76347994883396,14.347205170879414,1.1199459977590243,0.9804707066540816,16.598741565312444,0.0,96.82562273649691,0.0,0.0
465,15500,True,True,,left,0.9921430349349976,0.17029818892478943,0.9921430349349976,0.9846446514129639,0,down,2,292.23647117614746,292.5879878997803,-0.2347869873046875,89.50050549743888,91.31524097720396,97.41011830410538,96.84371272775532,17.88376449590899,15.52639115506194,1.1683524726417405,1.0416426079318275,16.598741565312444,0.0,96.82562273649691,0.0,0.0
466,15533,True,True,,left,0.992441713809967,0.17466452717781067,0.992441713809967,0.9847812056541443,0,down,2,292.2340679168701,292.33902740478516,-0.2489604949951172,88.06318183218207,90.2618087556617,97.69466905864311,97.10742495059625,19.587765103552755,16.85152154209616,0.8401765777844545,1.0210999041093571,16.85152154209616,0.0,95.90763229449288,0.0,0.0
467,15567,True,True,,left,0.9928067326545715,0.18233098089694977,0.9928067326545715,0.985248863697052,0,down,2,291.85672760009766,292.22291564941406,-0.11611175537109375,86.58809023560896,89.10278742328526,98.1464001737609,97.39623386847298,21.36140155540869,18.259989646624714,0.8682541914079005,1.0242532222319587,18.259989646624714,0.0,90.79266917804709,0.0,0.0
468,15600,True,True,,left,0.9932774305343628,0.19491100311279297,0.9932774305343628,0.9860433340072632,0,down,2,291.2860107421875,291.99916076660156,-0.2237548828125,85.13560540370052,87.91268150718987,97.72369993299742,97.59671175282816,22.948683440075683,19.709018908756015,1.1504679625593786,1.0294394404304996,19.709018908756015,0.0,85.53040501557027,0.0,0.0
469,15633,True,True,,left,0.9936826229095459,0.211654931306839,0.9936826229095459,0.9865156412124634,0,down,2,291.33602142333984,291.7898597717285,-0.20930099487304688,82.9797846663341,86.45343352705291,97.28233548573444,97.65144459104826,25.11409330849854,21.37914158068893,1.0681757409437753,1.01908538906745,21.37914158068893,0.0,79.46522268065598,0.0,0.0
470,15667,True,True,,left,0.9940169453620911,0.22078122198581696,0.9940169453620911,0.9869984984397888,0,down1,2,291.09349250793457,291.56126403808594,-0.22859573364257812,80.85596462117557,84.72452535180024,96.85762594991859,97.5409461202109,27.530956944220016,23.308580070351137,0.5382874786141225,0.8930723902619263,23.308580070351137,0.0,72.4583144813564,0.0,0.0
471,15700,True,True,,left,0.9944029450416565,0.23081423342227936,0.9944029450416565,0.9877708554267883,0,down1,2,290.79837799072266,291.27412605285645,-0.2871379852294922,79.84983632555603,83.08185625047504,96.70924664322447,97.34386163712716,29.649138625974317,25.32085477483545,0.35466744474457446,0.7959705636539504,25.32085477483545,0.0,65.15058002822916,0.0,0.0
472,15733,True,True,,left,0.9946869015693665,0.24144163727760315,0.9946869015693665,0.9880037307739258,0,down1,2,290.9092712402344,291.0846347808838,-0.18949127197265625,78.3794388336878,81.4401259700908,95.33665178328847,96.78191195903267,31.438482694267663,27.336271002607248,0.6523536858542022,0.7527904625432106,27.336271002607248,0.0,57.83143688526842,0.0,0.0
473,15767,True,True,,left,0.995006263256073,0.25342661142349243,0.995006263256073,0.9881405830383301,0,down1,2,290.8974552154541,291.0069236755371,-0.07771110534667969,77.42905677018223,79.89881624338713,93.70594318385096,95.97836060920338,32.75407737582105,29.297349789756318,0.41990853339064205,0.6066785767094632,29.297349789756318,0.0,50.70962444772706,0.0,0.0
474,15800,True,True,,left,0.9951764941215515,0.25485286116600037,0.9951764941215515,0.9872823357582092,0,down1,2,290.8807182312012,290.9158630371094,-0.09106063842773438,76.72272330800033,78.64740397172038,92.63447756394605,95.04878902484572,33.932299910633155,31.060991110183245,0.37300277272278154,0.46764398306526456,31.060991110183245,0.0,44.30482175775558,0.0,0.0
475,15833,True,True,,left,0.9952132701873779,0.2591582238674164,0.9952132701873779,0.9866658449172974,0,down1,2,287.8678321838379,290.27073097229004,-0.6451320648193359,77.18431346025004,77.91307373953529,93.87719539179763,94.45270291322153,35.21941355257594,32.59868243185442,0.28386292063995894,0.41675907147043184,32.59868243185442,0.0,38.72057432642342,0.0,0.0
476,15867,True,True,,left,0.9954686164855957,0.27516335248947144,0.9954686164855957,0.9871940612792969,0,down1,2,283.94479751586914,288.90001487731934,-1.3707160949707031,81.5125775424588,78.24562198291584,97.12909608837772,94.53667280225217,34.021639463372274,33.473182599334024,0.035975160938385486,0.3530206147091941,33.473182599334024,0.0,35.544757928734334,0.0,0.0
477,15900,True,True,,left,0.9953256249427795,0.2803848683834076,0.9953256249427795,0.9868659377098083,0,down1,2,274.9899387359619,285.71614837646484,-3.183866500854492,88.16983267506964,80.2037007511922,102.57092477369099,95.98352740033266,32.768503498294656,33.73918676013942,0.14975043370404467,0.25249996427916255,33.473182599334024,0.0,35.544757928734334,0.0,0.0
478,15933,True,True,,left,0.995302677154541,0.2845951020717621,0.995302677154541,0.9869614243507385,0,down1,2,266.74235343933105,280.88512802124023,-4.831020355224609,95.67574704665282,83.85303880648632,108.00268455062253,98.84287567368698,30.625219934959063,33.31341527196702,0.34571937650155093,0.23766213290134433,33.473182599334024,0.0,35.544757928734334,0.0,0.0
479,15967,True,True,,left,0.9947934746742249,0.27352243661880493,0.9947934746742249,0.9863983392715454,0,down1,2,259.3200874328613,274.57300186157227,-6.312126159667969,102.80489715480459,89.06947357584718,112.84653030271416,102.88528622144061,28.375383458739776,32.20203198158834,1.1839910795735162,0.39985979427149126,33.473182599334024,0.0,35.544757928734334,0.0,0.0
480,16000,True,True,,left,0.9941872954368591,0.25537586212158203,0.9941872954368591,0.9856672883033752,0,down2,2,249.66296195983887,266.93202781677246,-7.640974044799805,108.33808027051617,95.30022693790042,117.62030130973488,107.63390740502805,27.552046137892553,30.668558498651663,1.477835647549344,0.6386543396533682,33.473182599334024,0.0,35.544757928734334,0.0,0.0
481,16033,True,True,,left,0.9899593591690063,0.23483069241046906,0.9899593591690063,0.9823611378669739,0,down2,2,234.71417427062988,257.0859031677246,-9.846124649047852,120.04766558438355,103.00724454628535,128.94165098298566,113.99641838394965,25.28805577949595,28.921841761876397,1.665554180164898,0.9645701434986709,33.473182599334024,0.0,35.544757928734334,0.0,0.0
482,16067,True,True,,left,0.978581964969635,0.21553094685077667,0.978581964969635,0.9731200337409973,0,down2,2,225.17402172088623,247.12271976470947,-9.963183403015137,131.97199530057551,111.76767707138654,137.61279979529718,121.0047933882709,20.799795848773854,26.528100231972235,1.6995107172113597,1.2745222002001337,33.473182599334024,0.0,35.544757928734334,0.0,0.0
483,16100,True,True,,left,0.9696503281593323,0.19977201521396637,0.9696503281593323,0.9648354053497314,0,down2,2,216.9334602355957,237.1609411239624,-9.96177864074707,144.26889237880593,121.48630613781715,151.45141050415907,129.6945385789782,17.689203266979348,23.940896898376295,1.7086809937690686,1.5471145236536372,33.473182599334024,0.0,35.544757928734334,0.0,0.0
484,16133,True,True,,left,0.963797926902771,0.1891491413116455,0.963797926902771,0.9584636092185974,0,down2,2,206.9857120513916,226.69406604766846,-10.466875076293945,153.85234579365456,131.69579586558714,160.78814522085915,139.2828615626072,14.633540827362069,21.192528372100757,5.166078092528943,2.3435319262447227,33.473182599334024,0.0,35.544757928734334,0.0,0.0
485,16167,True,True,,left,0.9550355076789856,0.17608341574668884,0.9550355076789856,0.9496332406997681,0,down2,2,199.42070960998535,216.64561557769775,-10.048450469970703,158.748680090917,141.7779158296673,165.196767047367,148.7981547101336,12.682237033833857,18.218566551289015,7.767166135859058,3.6013980239066656,33.473182599334024,0.0,35.544757928734334,0.0,0.0
486,16200,True,True,,left,0.9543157815933228,0.16828814148902893,0.9543157815933228,0.9474298357963562,0,down2,2,191.29637718200684,207.96205615997314,-8.68355941772461,164.15454356325287,150.59929142544118,171.1815291672232,157.24613034698112,10.799227578429239,15.320800911075674,14.722195549674966,6.212726297808679,33.473182599334024,0.0,35.544757928734334,0.0,0.0
487,16233,True,True,,left,0.9387636184692383,0.15525682270526886,0.9387636184692383,0.9314637184143066,0,down2,2,185.0201940536499,199.93129062652588,-8.030765533447266,167.6149173697937,157.72787583928482,173.8900144590546,164.5015732797326,8.848936187510645,12.930628978823032,22.522221213857186,10.377268397137843,33.473182599334024,0.0,35.544757928734334,0.0,0.0
488,16267,True,True,,left,0.9219539165496826,0.14392626285552979,0.9219539165496826,0.9135109186172485,0,down2,2,185.40916442871094,193.62643146514893,-6.304859161376953,170.0423035186343,162.8825580672505,174.69309714761107,169.149910608423,7.371447358164843,10.86707779706013,23.711812174346463,14.777894633253322,33.473182599334024,0.0,35.544757928734334,0.0,0.0
489,16300,True,True,,left,0.8895228505134583,0.13184455037117004,0.8895228505134583,0.8876736164093018,0,down2,2,181.7561960220337,188.58052825927734,-5.045903205871582,174.6369697425534,167.03948285703026,178.44315622943614,172.6809128101384,4.927166091493163,8.925802849886349,31.542544136630024,20.05318784207354,33.473182599334024,0.0,35.544757928734334,0.0,0.0
490,16333,True,True,,left,0.8320996165275574,0.119582399725914,0.8320996165275574,0.8430419564247131,0,down2,2,173.75757694244385,183.44790172576904,-5.132626533508301,176.15044260944381,170.5198353607356,178.11006513884047,175.2635724284331,3.4585005494974723,7.081055553019072,34.627464300980485,25.425247475097827,33.473182599334024,0.0,35.544757928734334,0.0,0.0
491,16367,True,True,,left,0.7726078629493713,0.10840078443288803,0.7726078629493713,0.8044018745422363,0,down2,2,174.71876621246338,180.13237953186035,-3.3155221939086914,175.84962165477745,172.85885097904054,174.72678445484357,175.97262348595717,2.257113459767581,5.372632729286741,35.705821428059,29.621972650774627,33.473182599334024,0.0,35.544757928734334,0.0,0.0
492,16400,True,True,,left,0.7139372825622559,0.09813441336154938,0.7139372825622559,0.761029064655304,0,up,3,175.56125164031982,178.24059104919434,-1.8917884826660156,174.17107053047368,174.17008161117653,170.67699618422907,175.33001983099206,2.0483654432744487,4.012518580439502,37.805698549905706,32.67866811798434,33.473182599334024,32.67866811798434,35.544757928734334,93.2710227380492,64.40789033339176
493,16433,True,True,,left,0.6617231369018555,0.08901920914649963,0.6617231369018555,0.715789258480072,0,up,3,177.1245002746582,176.5836582183838,-1.6569328308105469,174.10571174969485,174.98276325738863,169.54664698899578,174.30072979926902,1.793076628700689,2.896844434546671,37.35227508059832,35.4067606992347,33.473182599334024,35.4067606992347,35.544757928734334,100.0,67.77237896436716
494,16467,True,True,,left,0.6259912848472595,0.08138848841190338,0.6259912848472595,0.6846223473548889,0,up,3,178.24217319488525,175.8808536529541,-0.7028045654296875,174.36966422377145,174.92930215363225,167.9500994332707,172.20211844003592,1.1342825331428372,2.1382677228766056,37.39475051000575,36.57720197390985,33.473182599334024,36.57720197390985,35.544757928734334,100.0,67.77237896436716
495,16500,True,True,,left,0.5869604349136353,0.0741814449429512,0.5869604349136353,0.6509677767753601,0,up,3,179.08411502838135,176.9461612701416,1.0653076171875,175.4155894985654,174.78233153145658,168.2537008629408,170.23084558485598,0.5721956380502746,1.5610067405871662,38.189489348965964,37.28960698350694,33.473182599334024,37.28960698350694,35.544757928734334,100.0,67.77237896436716
496,16533,True,True,,left,0.5696624517440796,0.06890533864498138,0.5696624517440796,0.6396615505218506,0,up,3,179.76303577423096,177.95501518249512,1.0088539123535156,175.3627051235513,174.68494822521134,168.6113232782658,169.00775334954045,0.611709280447954,1.2319259047232407,39.560901771037685,38.060623052102684,33.473182599334024,38.060623052102684,35.544757928734334,100.0,67.77237896436716
497,16567,True,True,,left,0.535429835319519,0.06284087896347046,0.535429835319519,0.6164875030517578,0,up,3,180.10169506072998,178.86310386657715,0.9080886840820312,176.94147766723398,175.23902965256337,169.45808800819455,168.76397171433354,0.12450480179751366,0.8471537764278537,38.99881615155917,38.299246572433375,33.473182599334024,38.299246572433375,35.544757928734334,100.0,67.77237896436716
498,16600,True,True,,left,0.510284960269928,0.057678110897541046,0.510284960269928,0.5981354117393494,0,up,3,180.00341892242432,179.43888759613037,0.5757837295532227,175.3246785057728,175.48282300377898,168.52441891790897,168.55952610011616,0.47798865905541277,0.5841361824987985,39.54220802346244,38.7372331610062,33.473182599334024,38.7372331610062,35.544757928734334,100.0,67.77237896436716
499,16633,True,True,,left,0.48222190141677856,0.052833858877420425,0.48222190141677856,0.5779754519462585,0,up,3,180.05537509918213,179.80152797698975,0.362640380859375,174.11622609120326,175.43213537726533,167.58603242332265,168.48671269812655,0.8876891880230033,0.5348175134748316,40.14433174461671,39.287149407928396,33.473182599334024,39.287149407928396,35.544757928734334,100.0,67.77237896436716
500,16667,True,True,,left,0.4621420204639435,0.04853421449661255,0.4621420204639435,0.568449079990387,0,up,3,180.4429292678833,180.07329082489014,0.2717628479003906,174.93748478900628,175.3365144353535,167.06856519006078,168.24968556355054,0.06120933957107866,0.4326202537789925,41.62021371317401,39.973294280770006,33.473182599334024,39.973294280770006,35.544757928734334,100.0,67.77237896436716
501,16700,True,True,,left,0.4366646409034729,0.04454703629016876,0.4366646409034729,0.5493085384368896,0,up,3,181.46501541137695,180.41368675231934,0.3403959274291992,175.6527983417222,175.3945330789877,166.91263652855156,167.9099482136077,0.4522505893048958,0.40072851555038086,42.85233261861078,40.63158045028462,33.473182599334024,40.63158045028462,35.544757928734334,100.0,67.77237896436716
502,16733,True,True,,left,0.4186970591545105,0.04152242839336395,0.4186970591545105,0.5361237525939941,0,up,3,185.31947135925293,181.45724201202393,1.0435552597045898,176.0096862462484,175.20817479479058,167.4227818308893,167.50288697814668,0.8345511974432185,0.5427377946795218,44.240536193642576,41.67992445870131,33.473182599334024,41.67992445870131,35.544757928734334,100.0,67.77237896436716
503,16767,True,True,,left,0.40755221247673035,0.038890235126018524,0.40755221247673035,0.5259051322937012,0,up,3,185.8200216293335,182.62056255340576,1.163320541381836,176.11048866429394,175.36533682649483,167.5599243706503,167.3099880686949,0.9653742107378349,0.6402149050160062,45.32960543004464,42.837403940017744,33.473182599334024,42.837403940017744,35.544757928734334,100.0,67.77237896436716
504,16800,True,True,,left,0.42124634981155396,0.03791433945298195,0.42124634981155396,0.5348803400993347,0,up,3,185.86734294891357,183.78295612335205,1.162393569946289,176.50684602692186,175.84346081363853,168.64609377775554,167.52200033958147,1.0860793508153677,0.6798929375744791,46.744903388964744,44.15751826888735,33.473182599334024,44.15751826888735,35.544757928734334,100.0,67.77237896436716
505,16833,True,True,,left,0.42389342188835144,0.03640471026301384,0.42389342188835144,0.5342634916305542,0,up,3,186.7550754547119,185.04538536071777,1.2624292373657227,176.2591525115166,176.1077943581406,168.35038633561604,167.77836456869252,1.0386165478105482,0.875374379222373,47.10603456587216,45.254682439426986,33.473182599334024,45.254682439426986,35.544757928734334,100.0,67.77237896436716
506,16867,True,True,,left,0.44378626346588135,0.03699144348502159,0.44378626346588135,0.5449628829956055,0,up,3,186.88300609588623,186.12898349761963,1.0835981369018555,176.2695883125583,176.23115235230782,167.99114612657732,167.9940664882977,1.1908808939829072,1.0231004401579753,47.98440935720352,46.28109778714553,33.473182599334024,46.28109778714553,35.544757928734334,100.0,67.77237896436716
507,16900,True,True,,left,0.47669851779937744,0.041347432881593704,0.47669851779937744,0.5625222325325012,0,up,3,186.62192344665527,186.3894739151001,0.26049041748046875,177.9478824651138,176.6187915960809,168.63229012452004,168.23596814702384,1.9653726487453724,1.2492647304184061,47.97091100186308,47.027172748789624,33.473182599334024,47.027172748789624,35.544757928734334,100.0,67.77237896436716
508,16933,True,True,,left,0.4829643964767456,0.041881073266267776,0.4829643964767456,0.5558803081512451,0,up,3,186.51708126068115,186.52888584136963,0.13941192626953125,178.6341896672032,177.12353179666275,168.5435912000877,168.43270151291134,2.5272959343245702,1.5616490751357532,48.471366452875415,47.65552495335578,33.473182599334024,47.65552495335578,35.544757928734334,100.0,67.77237896436716
509,16967,True,True,,left,0.4944959580898285,0.04171395301818848,0.4944959580898285,0.5538567304611206,0,up,3,186.51174545288086,186.6577663421631,0.12888050079345703,178.5227211200605,177.5267068152905,168.27528345725614,168.35853944881143,2.532596461041848,1.8509524971810492,48.27126459241122,47.96079719404507,33.473182599334024,47.96079719404507,35.544757928734334,100.0,67.77237896436716
510,17000,True,True,,left,0.5069698691368103,0.04273126646876335,0.5069698691368103,0.5554561018943787,0,up,3,185.80628871917725,186.46800899505615,-0.1897573471069336,178.88710628857984,178.05229757070313,168.1596716081623,168.3203965033207,2.6813012667590357,2.179489440970747,48.26741095946705,48.19307247276406,33.473182599334024,48.19307247276406,35.544757928734334,100.0,67.77237896436716
511,17033,True,True,,left,0.517448365688324,0.04191023111343384,0.517448365688324,0.5575976371765137,0,up,3,186.10791206359863,186.31299018859863,-0.15501880645751953,178.97879548417637,178.59413900502673,168.08433211876107,168.33903370175744,2.749471428792532,2.491207547932672,47.5532946760069,48.106849536524734,33.473182599334024,48.19307247276406,35.544757928734334,100.0,67.77237896436716
512,17067,True,True,,left,0.5122454166412354,0.040773242712020874,0.5122454166412354,0.5492424368858337,0,up,3,186.24751567840576,186.23810863494873,-0.07488155364990234,178.45675264310168,178.69591304062433,167.19069292770044,168.0507142623935,2.720395788593933,2.642212175902384,47.31879014929802,47.976425366011725,33.473182599334024,48.19307247276406,35.544757928734334,100.0,67.77237896436716
513,17100,True,True,,left,0.5198091864585876,0.040770117193460464,0.5198091864585876,0.553705096244812,0,up,3,186.08469486236572,186.15163135528564,-0.08647727966308594,179.090382025131,178.7871515122099,167.2457983430614,167.79115569098826,3.0684439456720156,2.750441778171873,47.85236043381843,47.85262416220032,33.473182599334024,48.19307247276406,35.544757928734334,100.0,67.77237896436716
514,17133,True,True,,left,0.5188966989517212,0.03996475413441658,0.5188966989517212,0.546778678894043,0,up,3,186.04113578796387,186.05750942230225,-0.09412193298339844,179.04648703615777,178.89190469542933,167.19293995011546,167.57468698956015,3.054276618216278,2.854777809606759,47.91077087325466,47.78052541836902,33.473182599334024,48.19307247276406,35.544757928734334,100.0,67.77237896436716
515,17167,True,True,,left,0.5237626433372498,0.03994783014059067,0.5237626433372498,0.5467240214347839,0,up,3,186.75358772277832,186.24696922302246,0.18945980072021484,179.01853394210926,178.9181902261352,167.1620957374948,167.37517181542665,3.076716415496861,2.933860839354324,47.78144277169824,47.683331780815244,33.473182599334024,48.19307247276406,35.544757928734334,100.0,67.77237896436716
516,17200,True,True,,left,0.5183135867118835,0.038408312946558,0.5183135867118835,0.5432952642440796,0,up,3,187.14385986328125,186.45415878295898,0.20718955993652344,179.25978210496925,178.97438755029378,167.37954312243969,167.23421401616238,3.1780885868538604,3.0195842709665897,47.895628688525264,47.751798583318916,33.473182599334024,48.19307247276406,35.544757928734334,100.0,67.77237896436716
517,17233,True,True,,left,0.5167604088783264,0.03746916726231575,0.5167604088783264,0.5433524250984192,0,up,3,187.1072244644165,186.62610054016113,0.17194175720214844,179.37318158637368,179.1576733389482,167.35218851658465,167.2665131339392,3.2680449000579586,3.129114093259395,48.46424738202058,47.98089002986344,33.473182599334024,48.19307247276406,35.544757928734334,100.0,67.77237896436716
518,17267,True,True,,left,0.5090954303741455,0.03600805997848511,0.5090954303741455,0.5357617139816284,0,up,3,187.11082935333252,186.8313274383545,0.20522689819335938,179.58525970448602,179.25664887481918,167.63457592964116,167.34426865125516,3.4466572921773775,3.204756762560467,48.13309822595273,48.03703758829029,33.473182599334024,48.19307247276406,35.544757928734334,100.0,67.77237896436716
519,17300,True,True,,left,0.5183990597724915,0.037281885743141174,0.5183990597724915,0.5402333736419678,0,up,3,187.01409816741943,187.0259199142456,0.19459247589111328,179.7523429386361,179.39782005531487,167.8844367700819,167.48256801524843,3.794445283335122,3.352790495584236,48.020904428666235,48.05906429937261,33.473182599334024,48.19307247276406,35.544757928734334,100.0,67.77237896436716
520,17333,True,True,,left,0.5243421196937561,0.03817121684551239,0.5243421196937561,0.5442556142807007,0,up,3,187.1679925918579,187.10880088806152,0.08288097381591797,179.62176077634035,179.51846542216109,167.62882714238296,167.57591429622607,3.9996666804953946,3.5373805485839425,48.348420477165384,48.17245984046603,33.473182599334024,48.19307247276406,35.544757928734334,100.0,67.77237896436716
521,17367,True,True,,left,0.504463255405426,0.03647196665406227,0.504463255405426,0.5227033495903015,0,up,3,186.81660175323486,187.04334926605225,-0.06545162200927734,179.31056225765,179.52862145269722,167.53322299312208,167.60665027036254,4.333592218232809,3.7684812748597323,48.75188010431875,48.34371012362474,33.473182599334024,48.34371012362474,35.544757928734334,100.0,67.77237896436716
522,17400,True,True,,left,0.4811709225177765,0.03398923575878143,0.4811709225177765,0.5009679198265076,0,up,3,186.21355533599854,186.86461544036865,-0.17873382568359375,178.83235578150095,179.4204562917227,167.61488752362183,167.65919007176998,4.598802997753239,4.034632894398788,48.4600523886636,48.34287112495334,33.473182599334024,48.34371012362474,35.544757928734334,100.0,67.77237896436716
523,17433,True,True,,left,0.45859822630882263,0.031939759850502014,0.45859822630882263,0.4784191846847534,0,up,3,186.2250566482544,186.68746089935303,-0.177154541015625,178.62027530277274,179.22745941138004,167.5488293932481,167.64204076449136,4.723257751976789,4.289952986358671,48.48129882517526,48.41251124479784,33.473182599334024,48.41251124479784,35.544757928734334,100.0,67.77237896436716
524,17467,True,True,,left,0.4376066327095032,0.030322929844260216,0.4376066327095032,0.4571717381477356,0,up,3,186.79540157318115,186.64372158050537,-0.04373931884765625,178.81232998256826,179.03945682016644,167.13537517954603,167.49222844638422,4.727693896469191,4.476602708985484,49.500353910443195,48.70840114115324,33.473182599334024,48.70840114115324,35.544757928734334,100.0,67.77237896436716
525,17500,True,True,,left,0.4207800626754761,0.02893291972577572,0.4207800626754761,0.44172316789627075,0,up,3,186.90686702728271,186.59149646759033,-0.05222511291503906,178.1230065643572,178.7397059777698,167.28455598814432,167.42337421553648,5.274201706772104,4.7315097142408264,49.73433345906856,48.98558373753387,33.473182599334024,48.98558373753387,35.544757928734334,100.0,67.77237896436716
526,17533,True,True,,left,0.4042409062385559,0.027727412059903145,0.4042409062385559,0.4244098663330078,0,up,3,186.64456844329834,186.55708980560303,-0.03440666198730469,178.41132512028267,178.55985855029635,166.35271484168493,167.18727258524905,5.418905873655902,4.9485724453254445,49.48099298966189,49.1314063146025,33.473182599334024,49.1314063146025,35.544757928734334,100.0,67.77237896436716
527,17567,True,True,,left,0.38870877027511597,0.026138732209801674,0.38870877027511597,0.4107552766799927,0,up,3,186.7798948287964,186.6703577041626,0.11326789855957031,178.54835375397005,178.50305814479015,165.89548596858583,166.84339227424184,5.514471727850676,5.131706191344932,49.07841270946174,49.25507837876213,33.473182599334024,49.25507837876213,35.544757928734334,100.0,67.77237896436716
528,17600,True,True,,left,0.37756240367889404,0.0250443983823061,0.37756240367889404,0.40132373571395874,0,up,3,186.8460988998413,186.79456615447998,0.12420845031738281,178.70467490754828,178.5199380657453,165.56433312275493,166.44649302014324,5.656389501211336,5.318332541191841,48.97169883495978,49.35315838071904,33.473182599334024,49.35315838071904,35.544757928734334,100.0,67.77237896436716
529,17633,True,True,,left,0.3774932324886322,0.025178899988532066,0.3774932324886322,0.39929288625717163,0,up,3,186.82953357696533,186.80139255523682,0.0068264007568359375,178.55662181861305,178.46879643295426,165.66987720141253,166.1533934245165,5.7362203490799715,5.5200378317139975,49.228339099387114,49.29875541850782,33.473182599334024,49.35315838071904,35.544757928734334,100.0,67.77237896436716
530,17667,True,True,,left,0.3835159242153168,0.025705091655254364,0.3835159242153168,0.39862409234046936,0,up,3,186.89160346984863,186.79833984375,-0.0030527114868164062,178.41018245354545,178.5262316107919,165.46310747123295,165.78910372113424,6.022558776817405,5.669709245723058,49.14030995781191,49.179950718256485,33.473182599334024,49.35315838071904,35.544757928734334,100.0,67.77237896436716
531,17700,True,True,,left,0.3827753961086273,0.025708649307489395,0.3827753961086273,0.39342445135116577,0,up,3,186.7820119857788,186.8258285522461,0.02748870849609375,178.15353008051193,178.47467260283776,165.53902242340757,165.62636523747875,6.220834681367734,5.830095007265425,49.06378882135046,49.0965098845942,33.473182599334024,49.35315838071904,35.544757928734334,100.0,67.77237896436716
532,17733,True,True,,left,0.3681085407733917,0.024666612967848778,0.3681085407733917,0.3790554106235504,0,up,3,186.54746532440186,186.7793426513672,-0.04648590087890625,178.1486764628961,178.39473714462298,165.4913667764419,165.54554139905,6.219412339497069,5.971083129594703,48.986910389221435,49.078209420546145,33.473182599334024,49.35315838071904,35.544757928734334,100.0,67.77237896436716
533,17767,True,True,,left,0.3639937937259674,0.024504175409674644,0.3639937937259674,0.37200355529785156,0,up,3,186.41045093536377,186.69221305847168,-0.08712959289550781,179.73735486798128,178.60127313670955,164.48868927942794,165.3304126303846,5.648715978038155,5.969548424960067,49.03005784631472,49.08988122281713,33.473182599334024,49.35315838071904,35.544757928734334,100.0,67.77237896436716
534,17800,True,True,,left,0.3495931327342987,0.023335784673690796,0.3495931327342987,0.3613669276237488,0,up,3,186.5211296081543,186.63053226470947,-0.06168079376220703,179.88376337465854,178.86670144791864,164.33997226990178,165.06443164408242,5.639805784487677,5.950265512041608,48.84396971872686,49.01300734668508,33.473182599334024,49.35315838071904,35.544757928734334,100.0,67.77237896436716
535,17833,True,True,,left,0.3514442443847656,0.023301325738430023,0.3514442443847656,0.3635522127151489,0,up,3,186.59916400909424,186.5720443725586,-0.058487892150878906,179.44861086829073,179.0743871308677,163.9184477474778,164.7554996993314,5.402525674761364,5.8262588916304,48.83312644840009,48.951570644802715,33.473182599334024,49.35315838071904,35.544757928734334,100.0,67.77237896436716
536,17867,True,True,,left,0.3587892949581146,0.024022040888667107,0.3587892949581146,0.3680620491504669,0,up,3,186.5658473968506,186.52881145477295,-0.04323291778564453,178.39376057186428,179.12243322913818,162.61586749903847,164.17086871445758,5.195755181491862,5.621242991655225,49.00359455162085,48.93953179085679,33.473182599334024,49.35315838071904,35.544757928734334,100.0,67.77237896436716
537,17900,True,True,,left,0.36507582664489746,0.025552235543727875,0.36507582664489746,0.3726572096347809,0,up,3,186.32168769836426,186.48365592956543,-0.04515552520751953,177.5760770333089,179.00791334322076,162.1109712535837,163.4947896098859,4.776989189729861,5.332758361701783,49.12204413226116,48.96655853946474,33.473182599334024,49.35315838071904,35.544757928734334,100.0,67.77237896436716
538,17933,True,True,,left,0.38133829832077026,0.02909272350370884,0.38133829832077026,0.38343265652656555,0,up,3,186.95899486541748,186.59336471557617,0.10970878601074219,175.782821416065,178.21700665283748,161.49794914199512,162.89664158239938,3.8852411496034023,4.980063396014833,49.44103351937038,49.04875367407586,33.473182599334024,49.35315838071904,35.544757928734334,100.0,67.77237896436716
539,17967,True,True,,left,0.3834506571292877,0.030334865674376488,0.3834506571292877,0.3858436644077301,0,up,3,186.96258544921875,186.68165588378906,0.08829116821289062,171.29810013608858,176.4998740051235,160.25321298061345,162.0792897245417,1.5590850503910048,4.163919249195499,48.31074606788518,48.942108943907535,33.473182599334024,49.35315838071904,35.544757928734334,100.0,67.77237896436716
540,18000,True,True,,left,0.3911798298358917,0.031563904136419296,0.3911798298358917,0.39827242493629456,0,up,3,186.77794933319092,186.7174129486084,0.03575706481933594,168.42608887570714,174.29536960660678,158.03424453123037,160.90244908129222,0.338245713472503,3.1510632569377264,46.522897374122884,48.48006312905209,33.473182599334024,49.35315838071904,35.544757928734334,100.0,67.77237896436716
541,18033,True,True,,left,0.39418667554855347,0.03321755677461624,0.39418667554855347,0.4141049385070801,0,up,3,187.86118984222412,186.9764814376831,0.25906848907470703,167.0847396587647,172.0335654239869,157.74313062177137,159.9279017058388,0.7812977136985495,2.268171763379064,42.33961240541163,47.14726669981025,33.473182599334024,49.35315838071904,35.544757928734334,100.0,67.77237896436716
542,18067,True,True,,left,0.4127797782421112,0.038808636367321014,0.4127797782421112,0.4358997046947479,0,up,3,187.84729957580566,187.2816038131714,0.30512237548828125,167.87866663489731,170.09408334430452,159.0702932988287,159.31976611488778,0.9144825340671474,1.4956704322465213,42.233178898803764,45.76949365311877,33.473182599334024,49.35315838071904,35.544757928734334,100.0,67.77237896436716
543,18100,True,True,,left,0.4317529499530792,0.040461115539073944,0.4317529499530792,0.4591119587421417,0,up,3,187.87503719329834,187.46481227874756,0.18320846557617188,168.1588420469385,168.56928747047925,160.7324955203943,159.16667539056763,1.6427306056786506,1.047168323461571,37.71582805831386,43.42445256090746,33.473182599334024,49.35315838071904,35.544757928734334,100.0,67.77237896436716
544,18133,True,True,,left,0.44309788942337036,0.0402391254901886,0.44309788942337036,0.4714692234992981,0,up,3,187.9623556137085,187.6647663116455,0.19995403289794922,166.78353358467984,167.6663741601975,162.8915407003324,159.69434093451142,3.663595664491652,1.4680704462817005,30.08608554914637,39.779520457159705,33.473182599334024,49.35315838071904,35.544757928734334,100.0,67.77237896436716
545,18167,True,True,,left,0.4540475606918335,0.041547033935785294,0.4540475606918335,0.4891478419303894,0,up,3,189.68042850494385,188.2452621459961,0.5804958343505859,160.4236378237388,166.06588394980383,160.48264160024175,160.1840203483137,7.498239571861106,2.900069217959421,27.028733090123588,35.88068760035984,33.473182599334024,49.35315838071904,35.544757928734334,100.0,67.77237896436716
546,18200,True,True,,left,0.4887487590312958,0.0444880910217762,0.4887487590312958,0.5245234370231628,0,up,3,193.63449096679688,189.39992237091064,1.1546602249145508,153.18680953983616,163.2862979260181,158.3614333984882,160.30768090365706,11.820047135552713,5.107819102330254,21.527181102590934,31.718201339795705,33.473182599334024,49.35315838071904,35.544757928734334,100.0,67.77237896436716
547,18233,True,True,,left,0.5294754505157471,0.05267829820513725,0.5294754505157471,0.564478874206543,0,up,3,198.13040256500244,191.45654296875,2.0566205978393555,145.91877222267624,158.89431904357392,155.2322533198176,159.54007290785484,15.975942802866285,8.120111156090081,17.944545003206155,26.86047456067618,33.473182599334024,49.35315838071904,35.544757928734334,100.0,67.77237896436716
548,18267,True,True,,left,0.565470278263092,0.05770387500524521,0.565470278263092,0.5994133949279785,0,up,3,204.61538314819336,194.804612159729,3.348069190979004,142.11907458199966,153.68636555058615,153.15686720149748,158.02494724407546,18.31354858714674,11.4542747523837,13.760432385624128,22.069395426138236,33.473182599334024,49.35315838071904,35.544757928734334,100.0,67.77237896436716
549,18300,True,True,,left,0.6031378507614136,0.06287145614624023,0.6031378507614136,0.6349454522132874,0,up,3,218.18580150604248,200.8493013381958,6.044689178466797,131.49960455816586,146.62957974528337,148.47172385343166,155.14098387469534,23.942198970735845,15.509995413632538,8.179879477835465,17.688154211876057,33.473182599334024,49.35315838071904,35.544757928734334,100.0,67.77237896436716
550,18333,True,True,,left,0.6297909617424011,0.06307109445333481,0.6297909617424011,0.6610580086708069,0,up,3,219.74953651428223,206.86312294006348,6.013821601867676,130.9148639459431,140.72782496972422,150.4063971619148,153.12573498702994,25.32704793590878,19.075757086442074,3.635368573959815,13.009481308643299,33.473182599334024,49.35315838071904,35.544757928734334,100.0,67.77237896436716
551,18367,True,True,,left,0.6549329161643982,0.06085359305143356,0.6549329161643982,0.686753511428833,0,up,3,225.65338611602783,213.26690196990967,6.403779029846191,125.36734006482187,135.16393107472135,143.65937108989044,150.1853225253104,26.5758380915145,22.02691527763443,3.467856281891649,9.397616344503444,33.473182599334024,49.35315838071904,35.544757928734334,100.0,67.77237896436716
552,18400,True,True,,left,0.6860367059707642,0.06196701154112816,0.6860367059707642,0.7157182693481445,0,up,3,233.1614112854004,220.27310371398926,7.00620174407959,117.0451935966259,129.3892153495113,138.24666871343948,146.78820560403477,29.663480164985074,24.764422750058188,2.1118963205121357,6.231086607964639,33.473182599334024,49.35315838071904,35.544757928734334,100.0,67.77237896436716
